strain,f_6,f_7,err_6,err_7,dFpH,err_dFpH
WT,0.0,0.0,0.05677277620030928,0.043318997271370764,0.0,0.07141206930265662
E222A,-3.978760411886978,-3.116468069401045,0.07261948241936148,0.0549891254847006,0.862292342485933,0.09109002771120503
F188C,0.05064313721997286,0.10542075432726862,0.06138384347496581,0.038811593723231064,0.05477761710729576,0.07262448655306454
T336E,-0.38902022268546105,-0.7865697199679947,0.059682696242522905,0.07117430486356523,-0.3975494972825337,0.09288598335372772
M150E,-0.19445018880868678,-0.1454856188594751,0.06279993905620519,0.05375948798100443,0.04896456994921167,0.08266749599112608
P121R,-0.1526163940203092,-0.09975500476666214,0.053630131690989034,0.056347878280713,0.05286138925364704,0.07778993772931608
I76M,-0.1992344852272078,-0.008754677001155774,0.05543828251152629,0.06257107210990077,0.190479808226052,0.08359750135506566
H354Q,0.27284112718876363,0.2280081717560308,0.06564926780451276,0.0572794332346129,-0.04483295543273283,0.08712496677156964
A105E,0.015122591393525927,-0.5954361876792464,0.05384056390747414,0.05001042960990374,-0.6105587790727723,0.07348366751627156
F47D,-0.08823355748343487,-0.22893144761540526,0.05680043962792678,0.04492253657377,-0.1406978901319704,0.07241770663413374
S133E,-0.37550255434006186,-0.6243132966824417,0.05682947930869237,0.042585152326665016,-0.24881074234237988,0.07101468099753992
F159K,-0.5122795677180357,-0.7288780921769764,0.09482642542242732,0.03316593382629376,-0.21659852445894068,0.1004590967755796
H89L,-0.13251772149680205,-0.08971254921351605,0.04989383218237472,0.06086479488016455,0.042805172283285994,0.0787014469094913
N332Q,-0.3640930510586373,-0.45049582553641054,0.08635079090546745,0.10731372881701987,-0.08640277447777323,0.1377414080173883
I298D,-0.18758544651637332,-0.15989086392771662,0.04929619445447052,0.04265827025717134,0.027694582588656702,0.06519081844114889
