,mean,err
P144_G163del,0.11527605830603786,0.046972633682031736
E356P,0.1400359766895839,0.01381338934855832
M150E,0.25015505096179325,0.03775266583269825
F159K,0.3016067536394242,0.031562377520105274
G111V,0.38717916449102024,0.071261322744608
P311M,0.3989937879960825,0.027275242260650128
I298D,0.4144654456176111,0.06400552642795289
P121R,0.4621066074089262,0.08055356460180864
A105E,0.5177389767589412,0.09196076310815293
H89L,0.5398707232149408,0.07201950145942575
F47D,0.5593054247197689,0.03025594806386442
T336E,0.5593432499849234,0.0055911791532735275
G251D,0.5908172944697548,0.025884518261833536
H354Q,0.6333179331069868,0.060553134874405876
I15N,0.6696976717465647,0.023144596663259208
I76M,0.706815227389986,0.10501883081875843
I177W,0.7370721227517433,0.011285236333540363
S133E,0.8504263876375525,0.27068951478878583
N332Q,0.9043203293120431,0.1938319826854738
Q255W,0.9546524430035079,0.04630639832336333
T211W,0.9789394867217825,0.3205926142159366
WT,1.0,0.0
Y278I,1.0297192477653547,0.09822958854317616
L30N,1.0323701504744138,0.10220313151703547
E222A,1.0617437108821144,0.16975899540517078
I244F,1.1874791008880539,0.22481390923476613
G147W,1.2536637462082545,0.20551789138230211
Y278F,1.3017377613817331,0.2627902687113224
F188C,1.3363342800384315,0.28468691304919214
F303Y,1.4310741808893077,0.3928012088992605
P144A,1.5352117295890286,0.1364230604274251
E82Q,1.6049143348422834,0.32842760482701355
R310N,1.659592545082596,0.31796301014528416
P110S,1.6792899902943859,0.4513001388801266
F306G,2.483597357738985,0.1168868513868555
