wt_res,position,num_disabling
D,307,19
G,348,18
M,1,17
E,222,17
D,63,16
P,110,16
S,337,16
N,137,16
G,248,15
G,148,15
G,330,15
G,41,14
D,39,14
Q,325,14
G,305,13
S,55,13
P,27,13
D,352,13
G,59,12
S,318,12
A,48,12
S,241,12
G,217,12
S,279,11
R,98,11
G,114,11
K,125,11
P,144,11
G,326,11
S,366,11
G,20,11
F,129,10
S,299,10
A,134,10
S,226,10
P,344,10
G,37,10
P,24,10
A,117,10
G,18,10
G,101,9
S,133,9
P,311,9
A,362,9
A,321,9
L,227,8
A,45,8
P,237,8
A,62,8
Q,51,8
L,30,8
A,252,8
T,334,8
G,145,8
L,40,7
S,120,7
P,358,6
A,162,6
G,139,6
G,329,6
G,130,6
K,127,6
F,351,6
A,105,6
N,340,5
S,219,5
N,332,5
S,333,5
T,211,5
A,328,5
N,2,5
Y,278,5
Q,255,5
G,147,5
T,245,5
P,207,5
S,97,5
S,138,5
G,246,4
F,16,4
L,224,4
T,223,4
G,74,4
A,220,4
V,301,4
V,44,4
D,239,4
S,104,4
S,81,4
P,56,4
F,140,4
L,35,4
V,25,4
T,229,4
I,141,3
L,43,3
S,275,3
K,232,3
G,251,3
M,296,3
Y,292,3
Y,225,3
V,302,3
A,169,3
R,324,3
K,3,3
T,314,3
A,151,3
E,82,2
I,304,2
G,66,2
G,58,2
N,315,2
I,256,2
V,373,2
A,126,2
G,247,2
G,163,2
I,23,2
I,359,2
A,215,2
T,113,2
I,5,2
E,356,2
T,336,1
G,369,1
A,368,1
Q,4,1
A,46,1
M,361,1
I,15,1
V,7,1
F,335,1
I,19,1
S,38,1
G,343,1
T,36,1
L,331,1
I,320,1
L,33,1
D,32,1
S,50,1
L,142,1
M,52,1
F,317,1
S,154,1
R,156,1
P,158,1
G,166,1
I,135,1
L,214,1
F,216,1
N,128,1
F,221,1
I,116,1
V,112,1
M,109,1
I,240,1
A,243,1
L,94,1
V,93,1
F,259,1
M,263,1
K,264,1
Y,265,1
L,276,1
S,79,1
L,286,1
A,289,1
F,303,1
R,310,1
A,312,1
L,283,1
