strain,ic50_6,ic50_7,err_6,err_7,eps_6,eps_7
WT,387.9940804282998,158.13244747407975,10.796318664416395,3.3574522990445446,0.0,1.9140518939025941e-177
E222A,24.6092778757433,18.233524431569503,1.0322488330786392,0.5771715908483253,4.440892098500626e-16,1.3322676295501878e-15
F188C,401.85576498097146,170.12016761455536,12.934824640765205,2.8104960031931654,0.0,7.976551142127518e-29
T336E,296.29092084459086,91.6726769258913,9.070082445187628,4.082344463317366,8.311203215720729e-119,0.0
M150E,339.0703075389347,142.96359400916077,11.350200768781262,4.377944184696878,0.0,8.893530269499872e-07
P121R,349.04625863686755,147.56784803881155,8.603753324114267,4.837626102679449,5.684341886080802e-14,4.131266132295872e-15
I76M,337.94773764417744,157.17576121196717,8.956190186132828,5.944167832009209,0.0016027408305170354,2.9875603274912315e-50
H354Q,468.7685458258671,185.20738151686217,16.87816399628609,6.213537346952886,1.1368683772161603e-13,0.0
A105E,392.08249515200595,104.65906239562624,9.750600714691648,2.8678112960053235,0.0,3.552713678800501e-15
F47D,364.9758698066594,134.92914240439882,10.165708960902673,3.0732376972321904,0.0,0.0
S133E,299.0801345600732,102.58502384314664,8.338815955240829,2.103632570891248,9.81235483915498e-109,0.0
F159K,272.0279844079496,95.41284017803792,16.19874084046836,0.8410128065294842,2.2737367544323206e-13,6.217248937900877e-15
H89L,353.9429697835543,148.59863648105792,7.268781162393858,5.417344200986701,0.0,1.1368683772161603e-13
N332Q,301.454776856937,115.71994973013923,15.97480691630511,8.24963691574793,2.9451731263983897e-204,0.0
I298D,340.68754247943934,141.54321198194583,6.756190109934434,2.912834944464998,1.7161448934775306e-33,9.495436638046786e-56
