mut,cluster
A105C,45.0
A105D,7.0
A105E,48.0
A105F,7.0
A105G,27.0
A105H,42.0
A105I,7.0
A105K,7.0
A105L,31.0
A105M,42.0
A105N,26.0
A105P,7.0
A105Q,42.0
A105R,7.0
A105S,51.0
A105T,45.0
A105V,7.0
A105W,7.0
A105Y,7.0
A105_,7.0
A117C,51.0
A117D,7.0
A117E,7.0
A117F,7.0
A117G,24.0
A117H,7.0
A117I,12.0
A117K,7.0
A117L,7.0
A117M,7.0
A117N,7.0
A117P,7.0
A117Q,7.0
A117R,7.0
A117S,51.0
A117T,45.0
A117V,51.0
A117W,7.0
A117Y,26.0
A117_,7.0
A126C,26.0
A126D,7.0
A126E,7.0
A126F,
A126G,51.0
A126H,45.0
A126I,26.0
A126L,26.0
A126M,26.0
A126N,45.0
A126P,51.0
A126Q,51.0
A126R,26.0
A126S,26.0
A126T,26.0
A126V,26.0
A126W,7.0
A126Y,45.0
A126_,7.0
A134C,7.0
A134D,7.0
A134E,7.0
A134F,7.0
A134G,51.0
A134H,7.0
A134I,7.0
A134K,7.0
A134L,7.0
A134M,7.0
A134N,7.0
A134P,7.0
A134Q,7.0
A134R,7.0
A134S,45.0
A134T,
A134V,8.0
A134W,
A134Y,7.0
A134_,7.0
A151C,26.0
A151D,51.0
A151E,51.0
A151F,51.0
A151H,51.0
A151I,26.0
A151K,7.0
A151L,45.0
A151M,7.0
A151N,26.0
A151P,45.0
A151Q,26.0
A151R,7.0
A151S,26.0
A151T,26.0
A151V,26.0
A151W,45.0
A151Y,51.0
A151_,7.0
A162C,26.0
A162D,45.0
A162E,26.0
A162F,7.0
A162G,26.0
A162H,45.0
A162I,7.0
A162K,35.0
A162L,7.0
A162M,7.0
A162N,7.0
A162P,26.0
A162Q,26.0
A162R,7.0
A162S,26.0
A162T,43.0
A162V,7.0
A162W,7.0
A162Y,43.0
A162_,1.0
A164C,26.0
A164D,26.0
A164E,51.0
A164F,26.0
A164G,26.0
A164H,26.0
A164I,24.0
A164K,26.0
A164L,26.0
A164M,26.0
A164N,26.0
A164P,26.0
A164Q,26.0
A164R,45.0
A164S,26.0
A164T,26.0
A164V,26.0
A164W,26.0
A164Y,26.0
A164_,7.0
A169C,51.0
A169D,26.0
A169E,51.0
A169F,43.0
A169G,26.0
A169H,43.0
A169I,26.0
A169K,7.0
A169L,7.0
A169M,7.0
A169N,26.0
A169P,26.0
A169Q,43.0
A169R,7.0
A169S,26.0
A169T,26.0
A169V,26.0
A169W,45.0
A169Y,7.0
A169_,7.0
A208C,26.0
A208D,7.0
A208E,7.0
A208F,45.0
A208G,26.0
A208H,7.0
A208I,26.0
A208K,7.0
A208L,51.0
A208M,26.0
A208N,7.0
A208P,7.0
A208Q,7.0
A208R,7.0
A208S,26.0
A208T,26.0
A208V,26.0
A208W,7.0
A208Y,7.0
A208_,7.0
A215C,26.0
A215D,
A215E,48.0
A215F,45.0
A215G,26.0
A215H,26.0
A215I,45.0
A215K,7.0
A215L,7.0
A215M,26.0
A215N,26.0
A215P,7.0
A215Q,26.0
A215R,12.0
A215S,26.0
A215T,26.0
A215V,15.0
A215W,7.0
A215Y,45.0
A215_,7.0
A220C,45.0
A220D,31.0
A220E,
A220F,7.0
A220G,51.0
A220H,7.0
A220I,45.0
A220K,7.0
A220L,7.0
A220M,7.0
A220N,7.0
A220P,4.0
A220Q,51.0
A220R,7.0
A220S,26.0
A220T,
A220V,45.0
A220W,43.0
A220Y,7.0
A220_,
A243C,26.0
A243D,12.0
A243E,1.0
A243F,45.0
A243G,45.0
A243H,7.0
A243I,51.0
A243K,7.0
A243L,45.0
A243M,49.0
A243N,45.0
A243P,7.0
A243Q,7.0
A243R,7.0
A243S,26.0
A243T,26.0
A243V,26.0
A243W,7.0
A243Y,7.0
A243_,7.0
A252C,26.0
A252D,7.0
A252E,7.0
A252F,26.0
A252G,26.0
A252H,7.0
A252I,45.0
A252K,7.0
A252L,51.0
A252M,51.0
A252N,7.0
A252P,7.0
A252Q,7.0
A252R,7.0
A252S,51.0
A252T,51.0
A252V,51.0
A252W,7.0
A252Y,7.0
A252_,7.0
A273C,26.0
A273D,7.0
A273E,51.0
A273F,26.0
A273G,26.0
A273H,51.0
A273I,26.0
A273K,26.0
A273L,24.0
A273M,26.0
A273N,26.0
A273P,7.0
A273Q,26.0
A273R,26.0
A273S,26.0
A273T,26.0
A273V,26.0
A273W,26.0
A273Y,26.0
A273_,7.0
A289C,26.0
A289D,45.0
A289E,51.0
A289F,26.0
A289G,26.0
A289H,51.0
A289I,45.0
A289K,45.0
A289L,51.0
A289M,26.0
A289N,26.0
A289P,7.0
A289Q,26.0
A289R,7.0
A289S,26.0
A289T,26.0
A289V,26.0
A289W,51.0
A289Y,26.0
A289_,7.0
A312C,26.0
A312D,7.0
A312E,7.0
A312F,7.0
A312G,24.0
A312H,7.0
A312I,26.0
A312K,7.0
A312L,26.0
A312M,26.0
A312N,51.0
A312P,7.0
A312Q,51.0
A312R,7.0
A312S,26.0
A312T,26.0
A312V,26.0
A312W,43.0
A312Y,7.0
A312_,7.0
A321C,26.0
A321D,7.0
A321E,7.0
A321F,7.0
A321G,26.0
A321H,7.0
A321I,7.0
A321K,7.0
A321L,45.0
A321M,45.0
A321N,7.0
A321P,7.0
A321Q,45.0
A321R,7.0
A321S,26.0
A321T,45.0
A321V,51.0
A321W,45.0
A321Y,7.0
A321_,7.0
A328C,45.0
A328D,7.0
A328E,7.0
A328F,
A328G,26.0
A328I,
A328K,7.0
A328L,
A328M,7.0
A328N,7.0
A328P,7.0
A328Q,7.0
A328R,7.0
A328S,26.0
A328T,51.0
A328V,51.0
A328W,7.0
A328Y,7.0
A328_,7.0
A347C,26.0
A347D,7.0
A347E,45.0
A347F,45.0
A347G,26.0
A347H,7.0
A347I,51.0
A347K,7.0
A347L,45.0
A347M,51.0
A347N,45.0
A347P,7.0
A347Q,7.0
A347R,7.0
A347S,51.0
A347T,51.0
A347V,51.0
A347W,31.0
A347Y,7.0
A347_,7.0
A349C,26.0
A349D,26.0
A349E,26.0
A349F,51.0
A349G,26.0
A349H,26.0
A349I,26.0
A349K,26.0
A349L,26.0
A349M,26.0
A349N,26.0
A349P,26.0
A349Q,26.0
A349R,26.0
A349S,26.0
A349T,26.0
A349V,26.0
A349W,26.0
A349Y,26.0
A349_,7.0
A357C,26.0
A357D,51.0
A357E,45.0
A357F,51.0
A357G,51.0
A357H,7.0
A357I,24.0
A357K,7.0
A357L,51.0
A357M,26.0
A357N,45.0
A357P,7.0
A357Q,45.0
A357R,7.0
A357S,26.0
A357T,26.0
A357V,26.0
A357W,51.0
A357Y,45.0
A357_,7.0
A362C,51.0
A362D,7.0
A362E,
A362F,7.0
A362G,51.0
A362H,7.0
A362I,7.0
A362K,7.0
A362L,7.0
A362M,7.0
A362N,7.0
A362P,45.0
A362Q,7.0
A362R,7.0
A362S,45.0
A362T,45.0
A362V,7.0
A362W,7.0
A362Y,7.0
A362_,7.0
A368C,26.0
A368D,7.0
A368E,45.0
A368F,51.0
A368G,26.0
A368H,51.0
A368I,26.0
A368K,51.0
A368L,26.0
A368M,26.0
A368N,26.0
A368P,51.0
A368Q,14.0
A368R,7.0
A368S,26.0
A368T,26.0
A368V,26.0
A368W,26.0
A368Y,
A368_,7.0
A381C,26.0
A381D,26.0
A381E,26.0
A381F,14.0
A381G,26.0
A381H,26.0
A381I,26.0
A381K,26.0
A381L,26.0
A381M,26.0
A381N,26.0
A381P,26.0
A381Q,26.0
A381R,26.0
A381S,26.0
A381T,26.0
A381V,26.0
A381W,26.0
A381Y,26.0
A381_,26.0
A45C,26.0
A45D,7.0
A45E,7.0
A45F,45.0
A45G,45.0
A45H,43.0
A45I,7.0
A45K,7.0
A45L,7.0
A45M,26.0
A45N,7.0
A45P,7.0
A45Q,7.0
A45R,7.0
A45S,26.0
A45T,45.0
A45V,7.0
A45W,7.0
A45Y,7.0
A45_,7.0
A46C,26.0
A46D,26.0
A46E,26.0
A46F,26.0
A46G,26.0
A46H,26.0
A46I,26.0
A46K,7.0
A46L,26.0
A46M,26.0
A46N,26.0
A46P,45.0
A46Q,26.0
A46R,7.0
A46S,26.0
A46T,26.0
A46V,26.0
A46W,24.0
A46Y,26.0
A46_,7.0
A48C,7.0
A48D,7.0
A48E,10.0
A48F,7.0
A48G,26.0
A48H,26.0
A48I,7.0
A48K,7.0
A48L,7.0
A48M,7.0
A48N,45.0
A48P,7.0
A48Q,7.0
A48R,7.0
A48S,51.0
A48T,7.0
A48V,7.0
A48W,7.0
A48Y,45.0
A48_,7.0
A62C,51.0
A62D,7.0
A62E,
A62F,7.0
A62G,26.0
A62H,7.0
A62I,7.0
A62K,7.0
A62L,12.0
A62M,12.0
A62N,12.0
A62P,7.0
A62Q,12.0
A62R,7.0
A62S,26.0
A62T,43.0
A62V,45.0
A62W,7.0
A62Y,12.0
A62_,7.0
A86C,51.0
A86D,7.0
A86E,45.0
A86F,26.0
A86G,26.0
A86H,45.0
A86I,51.0
A86K,7.0
A86L,45.0
A86M,45.0
A86N,45.0
A86P,45.0
A86Q,51.0
A86R,7.0
A86S,26.0
A86T,51.0
A86V,26.0
A86W,26.0
A86Y,26.0
A86_,7.0
C72A,26.0
C72D,26.0
C72E,26.0
C72F,26.0
C72G,26.0
C72H,24.0
C72I,26.0
C72K,
C72L,26.0
C72M,26.0
C72N,26.0
C72P,26.0
C72Q,26.0
C72R,26.0
C72S,26.0
C72T,26.0
C72V,26.0
C72W,24.0
C72Y,26.0
C72_,7.0
D118A,51.0
D118C,26.0
D118E,26.0
D118F,51.0
D118G,26.0
D118H,26.0
D118I,26.0
D118K,26.0
D118L,26.0
D118M,26.0
D118N,51.0
D118P,7.0
D118Q,26.0
D118R,51.0
D118S,26.0
D118T,26.0
D118V,26.0
D118W,51.0
D118Y,51.0
D118_,7.0
D179A,26.0
D179C,26.0
D179E,26.0
D179F,26.0
D179G,26.0
D179H,26.0
D179I,26.0
D179K,26.0
D179L,26.0
D179M,26.0
D179N,26.0
D179P,26.0
D179Q,26.0
D179R,26.0
D179S,26.0
D179T,26.0
D179V,26.0
D179W,26.0
D179Y,26.0
D179_,7.0
D239A,26.0
D239C,45.0
D239E,26.0
D239F,45.0
D239G,51.0
D239H,51.0
D239I,45.0
D239K,7.0
D239L,45.0
D239M,51.0
D239N,45.0
D239P,51.0
D239Q,51.0
D239R,7.0
D239S,26.0
D239T,45.0
D239V,45.0
D239W,7.0
D239Y,7.0
D239_,7.0
D260A,26.0
D260C,26.0
D260E,26.0
D260F,26.0
D260G,26.0
D260H,26.0
D260I,26.0
D260K,51.0
D260L,26.0
D260M,26.0
D260N,26.0
D260P,26.0
D260Q,26.0
D260R,45.0
D260S,26.0
D260T,26.0
D260V,26.0
D260W,26.0
D260Y,26.0
D260_,7.0
D290A,26.0
D290C,26.0
D290E,26.0
D290F,51.0
D290G,26.0
D290H,26.0
D290I,51.0
D290K,26.0
D290L,51.0
D290M,24.0
D290N,26.0
D290P,51.0
D290Q,26.0
D290R,26.0
D290S,26.0
D290T,26.0
D290V,24.0
D290W,26.0
D290Y,26.0
D290_,7.0
D307A,7.0
D307C,7.0
D307E,7.0
D307F,7.0
D307G,7.0
D307H,7.0
D307I,7.0
D307K,7.0
D307L,7.0
D307M,7.0
D307N,7.0
D307P,7.0
D307Q,7.0
D307R,7.0
D307S,7.0
D307T,7.0
D307V,7.0
D307W,7.0
D307Y,7.0
D307_,7.0
D323A,26.0
D323C,26.0
D323E,26.0
D323F,51.0
D323G,26.0
D323H,26.0
D323I,51.0
D323K,14.0
D323L,24.0
D323M,26.0
D323N,26.0
D323P,26.0
D323Q,14.0
D323R,26.0
D323S,26.0
D323T,26.0
D323V,24.0
D323W,26.0
D323Y,51.0
D323_,7.0
D32A,26.0
D32C,24.0
D32E,51.0
D32F,51.0
D32G,26.0
D32H,26.0
D32I,45.0
D32K,51.0
D32L,45.0
D32M,45.0
D32N,26.0
D32P,7.0
D32Q,26.0
D32R,51.0
D32S,26.0
D32T,51.0
D32V,51.0
D32W,45.0
D32Y,51.0
D32_,7.0
D352A,7.0
D352C,7.0
D352E,26.0
D352F,7.0
D352G,45.0
D352H,7.0
D352I,7.0
D352K,7.0
D352L,7.0
D352M,7.0
D352N,45.0
D352P,7.0
D352Q,45.0
D352R,7.0
D352S,7.0
D352T,26.0
D352V,7.0
D352W,7.0
D352Y,7.0
D352_,7.0
D39A,45.0
D39C,7.0
D39E,7.0
D39F,7.0
D39G,51.0
D39H,45.0
D39I,7.0
D39K,7.0
D39L,7.0
D39M,7.0
D39N,51.0
D39P,7.0
D39Q,7.0
D39R,7.0
D39S,45.0
D39T,7.0
D39V,7.0
D39W,7.0
D39Y,7.0
D39_,7.0
D63A,7.0
D63C,7.0
D63E,7.0
D63F,7.0
D63G,7.0
D63H,
D63I,7.0
D63K,7.0
D63L,7.0
D63M,7.0
D63N,7.0
D63P,7.0
D63Q,7.0
D63R,7.0
D63S,7.0
D63T,7.0
D63V,7.0
D63W,7.0
D63Y,7.0
D63_,7.0
E152A,26.0
E152C,26.0
E152D,26.0
E152F,26.0
E152G,26.0
E152H,26.0
E152I,51.0
E152K,46.0
E152L,51.0
E152M,51.0
E152N,26.0
E152P,26.0
E152Q,26.0
E152R,46.0
E152S,26.0
E152T,26.0
E152V,26.0
E152W,51.0
E152Y,51.0
E152_,7.0
E192A,26.0
E192C,51.0
E192D,26.0
E192F,45.0
E192G,26.0
E192H,26.0
E192I,7.0
E192K,26.0
E192L,45.0
E192M,51.0
E192N,26.0
E192P,26.0
E192Q,26.0
E192R,51.0
E192S,26.0
E192T,26.0
E192V,51.0
E192W,7.0
E192Y,51.0
E192_,7.0
E222A,
E222C,7.0
E222D,7.0
E222F,7.0
E222G,7.0
E222H,7.0
E222I,7.0
E222K,7.0
E222L,7.0
E222M,7.0
E222N,7.0
E222P,7.0
E222Q,7.0
E222R,7.0
E222S,7.0
E222T,7.0
E222V,7.0
E222W,7.0
E222Y,7.0
E222_,7.0
E268A,26.0
E268C,26.0
E268D,26.0
E268F,26.0
E268G,26.0
E268H,26.0
E268I,26.0
E268K,51.0
E268L,26.0
E268M,26.0
E268N,26.0
E268P,26.0
E268Q,26.0
E268R,45.0
E268S,26.0
E268T,26.0
E268V,26.0
E268W,26.0
E268Y,51.0
E268_,7.0
E356A,26.0
E356C,51.0
E356D,26.0
E356F,7.0
E356G,26.0
E356H,51.0
E356I,45.0
E356K,51.0
E356L,7.0
E356M,26.0
E356N,51.0
E356P,45.0
E356Q,26.0
E356R,51.0
E356S,26.0
E356T,51.0
E356V,51.0
E356W,45.0
E356Y,45.0
E356_,7.0
E376A,26.0
E376C,51.0
E376D,26.0
E376F,45.0
E376G,26.0
E376H,26.0
E376I,51.0
E376K,26.0
E376L,26.0
E376M,26.0
E376N,26.0
E376P,51.0
E376Q,26.0
E376R,51.0
E376S,26.0
E376T,26.0
E376V,51.0
E376W,43.0
E376Y,51.0
E376_,7.0
E385A,26.0
E385C,26.0
E385D,26.0
E385F,26.0
E385G,26.0
E385H,26.0
E385I,24.0
E385K,26.0
E385L,26.0
E385M,26.0
E385N,26.0
E385P,26.0
E385Q,24.0
E385R,26.0
E385S,26.0
E385T,26.0
E385V,26.0
E385W,26.0
E385Y,26.0
E385_,26.0
E82A,37.0
E82C,37.0
E82D,26.0
E82F,37.0
E82G,37.0
E82H,37.0
E82I,35.0
E82K,7.0
E82L,35.0
E82M,37.0
E82N,37.0
E82P,39.0
E82Q,37.0
E82R,7.0
E82S,37.0
E82T,37.0
E82V,37.0
E82W,37.0
E82Y,37.0
E82_,7.0
F10A,26.0
F10C,26.0
F10D,26.0
F10E,
F10H,7.0
F10I,26.0
F10K,26.0
F10L,46.0
F10M,26.0
F10N,26.0
F10P,26.0
F10Q,7.0
F10R,7.0
F10S,26.0
F10T,26.0
F10V,26.0
F10W,24.0
F10Y,26.0
F10_,
F129A,7.0
F129C,7.0
F129D,7.0
F129E,7.0
F129G,7.0
F129H,7.0
F129I,45.0
F129K,7.0
F129L,7.0
F129M,7.0
F129N,7.0
F129P,1.0
F129Q,7.0
F129R,7.0
F129S,
F129T,
F129V,7.0
F129W,45.0
F129Y,26.0
F129_,7.0
F13A,51.0
F13C,45.0
F13D,7.0
F13E,7.0
F13G,51.0
F13H,51.0
F13I,7.0
F13K,45.0
F13L,45.0
F13M,51.0
F13N,7.0
F13P,7.0
F13Q,51.0
F13R,7.0
F13S,51.0
F13T,7.0
F13V,45.0
F13W,51.0
F13Y,51.0
F13_,7.0
F140A,12.0
F140C,43.0
F140D,7.0
F140E,7.0
F140G,7.0
F140H,7.0
F140I,7.0
F140K,7.0
F140L,7.0
F140M,43.0
F140N,7.0
F140P,7.0
F140Q,7.0
F140R,7.0
F140S,7.0
F140T,7.0
F140V,7.0
F140W,7.0
F140Y,45.0
F140_,7.0
F149A,26.0
F149C,26.0
F149D,46.0
F149E,47.0
F149G,26.0
F149H,26.0
F149I,26.0
F149K,2.0
F149L,26.0
F149M,26.0
F149N,26.0
F149P,45.0
F149Q,26.0
F149R,46.0
F149S,26.0
F149T,26.0
F149V,26.0
F149W,26.0
F149Y,26.0
F149_,7.0
F159A,45.0
F159C,27.0
F159D,7.0
F159E,7.0
F159G,27.0
F159H,45.0
F159I,26.0
F159K,5.0
F159L,26.0
F159M,26.0
F159N,45.0
F159P,51.0
F159Q,7.0
F159R,7.0
F159S,26.0
F159T,45.0
F159V,26.0
F159W,26.0
F159Y,26.0
F159_,7.0
F161A,26.0
F161C,26.0
F161D,26.0
F161E,26.0
F161G,26.0
F161H,26.0
F161I,26.0
F161K,51.0
F161L,26.0
F161M,26.0
F161N,24.0
F161P,51.0
F161Q,26.0
F161R,7.0
F161S,26.0
F161T,26.0
F161V,26.0
F161W,26.0
F161Y,26.0
F161_,7.0
F16A,27.0
F16C,7.0
F16D,7.0
F16E,
F16G,7.0
F16H,26.0
F16I,7.0
F16K,7.0
F16L,7.0
F16M,45.0
F16N,43.0
F16Q,7.0
F16R,7.0
F16S,45.0
F16T,7.0
F16V,7.0
F16W,26.0
F16Y,26.0
F16_,7.0
F170A,26.0
F170C,26.0
F170D,45.0
F170E,26.0
F170G,26.0
F170H,26.0
F170I,51.0
F170K,45.0
F170L,26.0
F170M,26.0
F170N,26.0
F170P,26.0
F170Q,26.0
F170R,7.0
F170S,26.0
F170T,26.0
F170V,26.0
F170W,26.0
F170Y,26.0
F170_,7.0
F188A,26.0
F188C,14.0
F188D,26.0
F188E,26.0
F188G,26.0
F188H,26.0
F188I,26.0
F188K,26.0
F188L,14.0
F188M,14.0
F188N,26.0
F188P,26.0
F188Q,26.0
F188R,26.0
F188S,26.0
F188T,24.0
F188V,26.0
F188W,26.0
F188Y,26.0
F188_,7.0
F204A,45.0
F204C,51.0
F204D,7.0
F204E,7.0
F204G,45.0
F204H,7.0
F204I,51.0
F204K,43.0
F204L,26.0
F204M,51.0
F204N,7.0
F204P,7.0
F204Q,7.0
F204R,7.0
F204S,7.0
F204T,51.0
F204V,51.0
F204W,26.0
F204Y,26.0
F204_,7.0
F216A,26.0
F216C,26.0
F216D,7.0
F216E,7.0
F216G,26.0
F216H,51.0
F216I,26.0
F216K,45.0
F216L,26.0
F216M,26.0
F216N,26.0
F216P,45.0
F216Q,26.0
F216R,7.0
F216S,26.0
F216T,26.0
F216V,26.0
F216W,7.0
F216Y,45.0
F216_,7.0
F221A,45.0
F221C,45.0
F221D,7.0
F221E,7.0
F221G,7.0
F221H,45.0
F221I,51.0
F221K,7.0
F221L,26.0
F221M,26.0
F221N,7.0
F221P,7.0
F221Q,45.0
F221R,7.0
F221S,7.0
F221T,45.0
F221V,45.0
F221W,45.0
F221Y,7.0
F221_,7.0
F250A,26.0
F250C,26.0
F250D,7.0
F250E,7.0
F250G,26.0
F250H,45.0
F250I,26.0
F250K,7.0
F250L,26.0
F250M,26.0
F250N,45.0
F250P,7.0
F250Q,7.0
F250R,7.0
F250S,26.0
F250T,51.0
F250V,51.0
F250W,26.0
F250Y,26.0
F250_,1.0
F254A,26.0
F254C,26.0
F254D,7.0
F254E,7.0
F254G,26.0
F254H,26.0
F254I,26.0
F254K,45.0
F254L,26.0
F254M,26.0
F254N,26.0
F254P,26.0
F254Q,7.0
F254R,7.0
F254S,24.0
F254T,26.0
F254V,26.0
F254W,26.0
F254Y,51.0
F254_,7.0
F258A,26.0
F258C,26.0
F258D,7.0
F258E,45.0
F258G,24.0
F258H,26.0
F258I,26.0
F258K,51.0
F258L,26.0
F258M,26.0
F258N,51.0
F258P,45.0
F258Q,43.0
F258R,51.0
F258S,26.0
F258T,26.0
F258V,26.0
F258W,26.0
F258Y,26.0
F258_,7.0
F259A,51.0
F259C,45.0
F259D,7.0
F259E,7.0
F259G,51.0
F259H,45.0
F259I,45.0
F259K,7.0
F259L,45.0
F259M,51.0
F259N,
F259P,51.0
F259Q,45.0
F259R,7.0
F259S,45.0
F259T,45.0
F259V,43.0
F259W,24.0
F259Y,26.0
F259_,7.0
F262A,26.0
F262C,26.0
F262D,45.0
F262E,45.0
F262G,24.0
F262H,26.0
F262I,26.0
F262K,51.0
F262L,26.0
F262M,26.0
F262N,51.0
F262P,51.0
F262Q,26.0
F262R,51.0
F262S,26.0
F262T,26.0
F262V,26.0
F262W,26.0
F262Y,26.0
F262_,
F266A,26.0
F266C,26.0
F266D,24.0
F266E,26.0
F266G,26.0
F266H,26.0
F266I,26.0
F266K,26.0
F266L,26.0
F266M,26.0
F266N,26.0
F266P,51.0
F266Q,26.0
F266R,26.0
F266S,26.0
F266T,26.0
F266V,26.0
F266W,26.0
F266Y,26.0
F271A,26.0
F271C,51.0
F271D,43.0
F271E,7.0
F271G,26.0
F271H,45.0
F271I,7.0
F271K,7.0
F271L,51.0
F271M,45.0
F271N,47.0
F271P,7.0
F271Q,35.0
F271R,7.0
F271S,26.0
F271T,51.0
F271V,51.0
F271W,45.0
F271Y,24.0
F271_,7.0
F300A,26.0
F300C,26.0
F300D,45.0
F300E,51.0
F300G,26.0
F300H,26.0
F300I,45.0
F300K,45.0
F300L,51.0
F300M,26.0
F300N,26.0
F300P,41.0
F300Q,51.0
F300R,7.0
F300S,26.0
F300T,26.0
F300V,26.0
F300W,24.0
F300Y,26.0
F300_,7.0
F303A,16.0
F303C,24.0
F303D,7.0
F303E,2.0
F303G,16.0
F303H,31.0
F303I,7.0
F303K,7.0
F303L,18.0
F303M,17.0
F303N,16.0
F303P,12.0
F303Q,31.0
F303R,7.0
F303S,16.0
F303T,31.0
F303V,31.0
F303W,26.0
F303Y,17.0
F303_,7.0
F306A,44.0
F306C,45.0
F306D,7.0
F306E,31.0
F306G,31.0
F306H,27.0
F306I,51.0
F306K,7.0
F306L,45.0
F306M,48.0
F306N,45.0
F306P,45.0
F306Q,50.0
F306R,7.0
F306S,45.0
F306T,45.0
F306V,51.0
F306W,45.0
F306Y,51.0
F306_,7.0
F317A,7.0
F317C,
F317D,7.0
F317E,7.0
F317G,7.0
F317H,7.0
F317I,45.0
F317K,7.0
F317L,45.0
F317M,51.0
F317N,7.0
F317P,7.0
F317Q,7.0
F317R,7.0
F317S,7.0
F317T,45.0
F317V,7.0
F317W,26.0
F317Y,26.0
F317_,7.0
F327A,45.0
F327C,45.0
F327D,7.0
F327E,7.0
F327G,7.0
F327H,45.0
F327I,51.0
F327K,45.0
F327L,26.0
F327M,26.0
F327N,43.0
F327P,7.0
F327Q,45.0
F327R,45.0
F327S,45.0
F327T,51.0
F327V,51.0
F327W,26.0
F327Y,26.0
F327_,7.0
F335A,51.0
F335C,45.0
F335D,7.0
F335E,7.0
F335G,45.0
F335H,7.0
F335I,26.0
F335K,7.0
F335L,45.0
F335M,45.0
F335N,7.0
F335P,7.0
F335Q,7.0
F335R,7.0
F335S,45.0
F335T,45.0
F335V,51.0
F335W,7.0
F335Y,45.0
F335_,7.0
F341A,26.0
F341C,24.0
F341D,7.0
F341E,45.0
F341G,51.0
F341H,51.0
F341I,51.0
F341K,7.0
F341L,26.0
F341M,26.0
F341N,45.0
F341P,7.0
F341Q,45.0
F341R,7.0
F341S,26.0
F341T,51.0
F341V,45.0
F341W,51.0
F341Y,26.0
F341_,7.0
F351A,7.0
F351C,45.0
F351D,7.0
F351E,7.0
F351G,7.0
F351H,7.0
F351I,26.0
F351K,7.0
F351L,24.0
F351M,26.0
F351N,7.0
F351P,7.0
F351Q,7.0
F351R,7.0
F351S,45.0
F351T,45.0
F351V,51.0
F351W,7.0
F351Y,7.0
F351_,7.0
F47A,24.0
F47C,26.0
F47D,45.0
F47E,26.0
F47G,25.0
F47H,24.0
F47I,24.0
F47K,36.0
F47L,24.0
F47M,24.0
F47N,26.0
F47P,7.0
F47Q,24.0
F47R,37.0
F47S,24.0
F47T,26.0
F47V,24.0
F47W,51.0
F47Y,26.0
F47_,43.0
F57A,26.0
F57C,26.0
F57D,7.0
F57E,45.0
F57G,26.0
F57H,45.0
F57I,26.0
F57K,45.0
F57L,26.0
F57M,26.0
F57N,45.0
F57P,26.0
F57Q,51.0
F57R,
F57S,26.0
F57T,26.0
F57V,26.0
F57W,26.0
F57Y,26.0
F57_,7.0
F6A,26.0
F6C,26.0
F6D,7.0
F6E,26.0
F6G,26.0
F6H,26.0
F6I,26.0
F6K,26.0
F6L,26.0
F6M,26.0
F6N,26.0
F6P,45.0
F6Q,24.0
F6R,26.0
F6S,26.0
F6T,45.0
F6V,26.0
F6W,26.0
F6Y,26.0
F6_,7.0
F78A,26.0
F78C,26.0
F78D,12.0
F78E,2.0
F78G,26.0
F78H,47.0
F78I,26.0
F78K,7.0
F78L,24.0
F78M,26.0
F78N,12.0
F78P,7.0
F78Q,2.0
F78R,7.0
F78S,26.0
F78T,26.0
F78V,26.0
F78W,23.0
F78Y,26.0
F78_,7.0
F83A,26.0
F83C,26.0
F83D,24.0
F83E,26.0
F83G,26.0
F83H,26.0
F83I,26.0
F83K,45.0
F83L,26.0
F83M,26.0
F83N,26.0
F83P,26.0
F83Q,26.0
F83R,7.0
F83S,26.0
F83T,26.0
F83V,26.0
F83W,26.0
F83Y,26.0
F83_,7.0
F85A,14.0
F85C,51.0
F85D,47.0
F85E,43.0
F85G,51.0
F85H,51.0
F85I,26.0
F85K,7.0
F85L,26.0
F85M,26.0
F85N,23.0
F85P,52.0
F85Q,26.0
F85R,7.0
F85S,23.0
F85T,23.0
F85V,26.0
F85W,25.0
F85Y,26.0
F85_,7.0
F91A,51.0
F91C,51.0
F91D,26.0
F91E,26.0
F91G,26.0
F91H,26.0
F91I,26.0
F91K,45.0
F91L,26.0
F91M,26.0
F91N,26.0
F91P,26.0
F91Q,26.0
F91R,45.0
F91S,26.0
F91T,26.0
F91V,26.0
F91W,26.0
F91Y,51.0
F91_,7.0
G101A,26.0
G101C,7.0
G101D,45.0
G101E,45.0
G101F,7.0
G101H,7.0
G101I,7.0
G101K,35.0
G101L,7.0
G101M,5.0
G101N,45.0
G101P,7.0
G101Q,7.0
G101R,7.0
G101S,51.0
G101T,7.0
G101V,7.0
G101W,7.0
G101Y,45.0
G101_,7.0
G102A,7.0
G102C,7.0
G102D,7.0
G102E,7.0
G102F,7.0
G102H,7.0
G102I,7.0
G102K,7.0
G102L,7.0
G102M,7.0
G102N,
G102P,7.0
G102Q,7.0
G102R,7.0
G102S,7.0
G102T,7.0
G102V,7.0
G102W,7.0
G102Y,7.0
G102_,7.0
G106A,26.0
G106C,7.0
G106D,7.0
G106E,7.0
G106F,7.0
G106H,7.0
G106I,7.0
G106K,7.0
G106L,7.0
G106M,7.0
G106N,7.0
G106P,
G106Q,7.0
G106R,7.0
G106S,45.0
G106T,7.0
G106V,7.0
G106W,7.0
G106Y,7.0
G106_,7.0
G111A,26.0
G111C,21.0
G111D,7.0
G111E,6.0
G111F,7.0
G111H,6.0
G111I,6.0
G111K,7.0
G111L,7.0
G111M,6.0
G111N,12.0
G111P,43.0
G111Q,6.0
G111R,
G111S,26.0
G111T,12.0
G111V,12.0
G111W,7.0
G111Y,7.0
G111_,7.0
G114A,26.0
G114C,43.0
G114D,7.0
G114E,7.0
G114F,7.0
G114H,7.0
G114I,7.0
G114K,7.0
G114L,7.0
G114M,7.0
G114N,7.0
G114P,7.0
G114Q,7.0
G114R,7.0
G114S,26.0
G114T,12.0
G114V,12.0
G114W,7.0
G114Y,7.0
G114_,
G130A,26.0
G130C,51.0
G130D,7.0
G130E,
G130F,7.0
G130H,7.0
G130I,
G130K,7.0
G130L,43.0
G130M,26.0
G130N,7.0
G130P,7.0
G130Q,7.0
G130R,12.0
G130S,
G130T,12.0
G130V,26.0
G130W,
G130Y,7.0
G130_,7.0
G139A,51.0
G139C,7.0
G139D,7.0
G139E,7.0
G139F,7.0
G139H,7.0
G139I,7.0
G139K,7.0
G139L,7.0
G139M,7.0
G139N,7.0
G139P,7.0
G139Q,7.0
G139R,7.0
G139S,51.0
G139T,49.0
G139V,7.0
G139W,7.0
G139Y,7.0
G139_,7.0
G143A,45.0
G143C,7.0
G143D,7.0
G143E,7.0
G143F,7.0
G143H,7.0
G143I,7.0
G143K,7.0
G143L,7.0
G143M,43.0
G143N,7.0
G143P,7.0
G143Q,7.0
G143R,7.0
G143S,45.0
G143T,45.0
G143V,
G143W,7.0
G143Y,7.0
G143_,7.0
G145A,26.0
G145C,51.0
G145D,7.0
G145E,7.0
G145F,7.0
G145H,7.0
G145I,7.0
G145K,7.0
G145L,7.0
G145M,45.0
G145N,7.0
G145P,7.0
G145Q,7.0
G145S,26.0
G145T,51.0
G145V,45.0
G145W,
G145Y,7.0
G145_,7.0
G147A,7.0
G147C,7.0
G147D,45.0
G147E,45.0
G147F,7.0
G147H,31.0
G147I,7.0
G147K,
G147L,
G147M,7.0
G147N,7.0
G147P,7.0
G147Q,7.0
G147R,7.0
G147S,
G147T,45.0
G147V,7.0
G147W,31.0
G147Y,31.0
G147_,7.0
G148A,4.0
G148C,7.0
G148D,7.0
G148E,7.0
G148F,7.0
G148H,7.0
G148I,7.0
G148K,7.0
G148L,7.0
G148M,7.0
G148N,7.0
G148P,7.0
G148Q,
G148R,7.0
G148S,7.0
G148T,7.0
G148V,7.0
G148W,7.0
G148Y,7.0
G148_,7.0
G163A,26.0
G163C,26.0
G163D,26.0
G163E,51.0
G163F,51.0
G163H,26.0
G163I,26.0
G163K,7.0
G163L,45.0
G163M,26.0
G163N,24.0
G163P,26.0
G163Q,26.0
G163R,7.0
G163S,26.0
G163T,26.0
G163V,26.0
G163W,26.0
G163Y,26.0
G163_,7.0
G166A,26.0
G166C,26.0
G166D,26.0
G166E,26.0
G166F,41.0
G166H,7.0
G166I,26.0
G166K,10.0
G166L,26.0
G166M,26.0
G166N,26.0
G166P,26.0
G166Q,26.0
G166R,7.0
G166S,51.0
G166T,51.0
G166V,26.0
G166W,7.0
G166Y,41.0
G166_,7.0
G187A,26.0
G187C,14.0
G187D,26.0
G187E,26.0
G187F,26.0
G187H,26.0
G187I,26.0
G187K,26.0
G187L,26.0
G187M,26.0
G187N,26.0
G187P,26.0
G187Q,26.0
G187R,26.0
G187S,26.0
G187T,26.0
G187V,26.0
G187W,51.0
G187Y,26.0
G187_,7.0
G18A,26.0
G18C,7.0
G18D,7.0
G18E,7.0
G18H,7.0
G18I,7.0
G18K,7.0
G18L,7.0
G18M,7.0
G18N,
G18P,
G18Q,7.0
G18R,7.0
G18S,26.0
G18T,7.0
G18V,7.0
G18W,7.0
G18Y,7.0
G18_,
G20A,26.0
G20C,10.0
G20D,7.0
G20E,7.0
G20F,7.0
G20H,43.0
G20I,7.0
G20K,7.0
G20L,
G20M,7.0
G20N,7.0
G20P,7.0
G20Q,7.0
G20R,7.0
G20S,25.0
G20T,7.0
G20V,7.0
G20W,7.0
G20Y,7.0
G20_,7.0
G217A,7.0
G217C,7.0
G217D,7.0
G217E,7.0
G217F,7.0
G217H,7.0
G217I,7.0
G217K,7.0
G217L,7.0
G217M,7.0
G217N,7.0
G217P,7.0
G217Q,7.0
G217R,7.0
G217S,7.0
G217T,7.0
G217V,7.0
G217W,7.0
G217Y,7.0
G217_,7.0
G246A,45.0
G246C,51.0
G246D,7.0
G246E,7.0
G246F,26.0
G246H,51.0
G246I,26.0
G246K,7.0
G246L,45.0
G246M,51.0
G246N,45.0
G246P,43.0
G246Q,7.0
G246R,7.0
G246S,7.0
G246T,45.0
G246V,26.0
G246W,24.0
G246Y,45.0
G246_,7.0
G247A,26.0
G247C,26.0
G247D,7.0
G247E,3.0
G247F,9.0
G247H,7.0
G247I,10.0
G247K,7.0
G247L,10.0
G247M,26.0
G247N,2.0
G247P,20.0
G247Q,3.0
G247R,7.0
G247S,26.0
G247T,51.0
G247V,9.0
G247W,7.0
G247Y,7.0
G247_,7.0
G248A,26.0
G248C,29.0
G248D,7.0
G248E,7.0
G248F,7.0
G248H,7.0
G248I,7.0
G248K,7.0
G248L,7.0
G248M,7.0
G248N,7.0
G248P,7.0
G248Q,7.0
G248R,7.0
G248S,26.0
G248T,7.0
G248V,7.0
G248W,7.0
G248Y,7.0
G248_,7.0
G251A,5.0
G251C,38.0
G251D,2.0
G251E,7.0
G251F,7.0
G251H,7.0
G251I,7.0
G251K,7.0
G251L,7.0
G251M,7.0
G251N,11.0
G251P,7.0
G251Q,12.0
G251R,7.0
G251S,5.0
G251T,43.0
G251V,7.0
G251W,7.0
G251Y,7.0
G251_,7.0
G291A,26.0
G291C,26.0
G291D,26.0
G291E,26.0
G291F,51.0
G291H,26.0
G291I,45.0
G291K,26.0
G291L,26.0
G291M,26.0
G291N,26.0
G291P,7.0
G291Q,26.0
G291R,26.0
G291S,24.0
G291T,26.0
G291V,51.0
G291W,51.0
G291Y,24.0
G291_,7.0
G305A,7.0
G305C,7.0
G305D,7.0
G305E,7.0
G305F,7.0
G305H,7.0
G305I,7.0
G305K,
G305L,7.0
G305M,
G305N,7.0
G305P,7.0
G305Q,7.0
G305R,7.0
G305S,7.0
G305T,7.0
G305V,7.0
G305W,7.0
G305Y,7.0
G305_,7.0
G322A,26.0
G322C,26.0
G322D,26.0
G322E,26.0
G322F,51.0
G322H,26.0
G322I,26.0
G322K,26.0
G322L,26.0
G322M,26.0
G322N,24.0
G322P,26.0
G322Q,26.0
G322R,26.0
G322S,26.0
G322T,26.0
G322V,26.0
G322W,45.0
G322Y,26.0
G322_,7.0
G326A,26.0
G326C,51.0
G326D,7.0
G326E,7.0
G326F,7.0
G326H,7.0
G326I,7.0
G326L,7.0
G326M,12.0
G326N,7.0
G326P,7.0
G326Q,7.0
G326R,7.0
G326S,26.0
G326T,12.0
G326V,12.0
G326W,7.0
G326Y,12.0
G326_,7.0
G329A,26.0
G329C,51.0
G329D,7.0
G329E,45.0
G329F,51.0
G329H,26.0
G329I,12.0
G329K,7.0
G329L,12.0
G329M,26.0
G329N,12.0
G329P,7.0
G329Q,26.0
G329R,7.0
G329S,26.0
G329T,12.0
G329V,12.0
G329W,7.0
G329Y,7.0
G329_,7.0
G330A,43.0
G330C,7.0
G330D,7.0
G330E,7.0
G330F,7.0
G330H,7.0
G330I,7.0
G330K,7.0
G330L,7.0
G330M,7.0
G330N,7.0
G330P,7.0
G330Q,7.0
G330R,
G330S,12.0
G330T,7.0
G330V,7.0
G330W,7.0
G330Y,7.0
G330_,7.0
G339A,7.0
G339C,7.0
G339D,
G339E,7.0
G339F,7.0
G339H,7.0
G339I,7.0
G339K,7.0
G339L,7.0
G339M,7.0
G339N,7.0
G339P,7.0
G339Q,7.0
G339R,7.0
G339S,7.0
G339T,7.0
G339V,7.0
G339W,7.0
G339Y,7.0
G339_,7.0
G343A,45.0
G343C,7.0
G343D,7.0
G343E,7.0
G343F,7.0
G343H,7.0
G343I,7.0
G343K,7.0
G343L,7.0
G343M,7.0
G343N,7.0
G343P,7.0
G343Q,7.0
G343R,7.0
G343S,27.0
G343T,7.0
G343V,7.0
G343W,7.0
G343Y,7.0
G343_,7.0
G348A,7.0
G348C,7.0
G348D,7.0
G348E,7.0
G348F,7.0
G348H,7.0
G348I,7.0
G348K,7.0
G348L,7.0
G348M,7.0
G348N,7.0
G348P,7.0
G348Q,7.0
G348R,
G348S,7.0
G348T,7.0
G348V,7.0
G348W,7.0
G348Y,7.0
G348_,7.0
G34A,26.0
G34C,51.0
G34D,14.0
G34E,26.0
G34F,51.0
G34H,26.0
G34I,7.0
G34K,51.0
G34L,51.0
G34M,51.0
G34N,24.0
G34P,7.0
G34Q,26.0
G34R,51.0
G34S,26.0
G34T,51.0
G34V,45.0
G34W,26.0
G34Y,26.0
G34_,7.0
G364A,26.0
G364C,26.0
G364D,51.0
G364E,51.0
G364F,26.0
G364H,51.0
G364I,26.0
G364K,7.0
G364L,26.0
G364M,26.0
G364N,51.0
G364P,7.0
G364Q,51.0
G364R,7.0
G364S,26.0
G364T,26.0
G364V,26.0
G364W,26.0
G364Y,26.0
G364_,7.0
G369A,26.0
G369C,26.0
G369D,7.0
G369E,7.0
G369F,7.0
G369H,7.0
G369I,7.0
G369K,7.0
G369L,
G369M,51.0
G369N,51.0
G369P,7.0
G369Q,7.0
G369R,7.0
G369S,26.0
G369T,45.0
G369V,45.0
G369W,7.0
G369Y,7.0
G369_,7.0
G37A,26.0
G37C,7.0
G37D,7.0
G37E,7.0
G37F,7.0
G37H,7.0
G37I,7.0
G37K,7.0
G37L,7.0
G37M,7.0
G37N,7.0
G37P,51.0
G37Q,7.0
G37R,7.0
G37S,45.0
G37T,7.0
G37V,
G37W,12.0
G37Y,7.0
G37_,7.0
G41A,7.0
G41C,7.0
G41D,7.0
G41E,7.0
G41F,7.0
G41H,7.0
G41I,7.0
G41K,7.0
G41L,43.0
G41M,7.0
G41N,7.0
G41P,
G41Q,7.0
G41R,7.0
G41S,7.0
G41T,7.0
G41V,7.0
G41W,7.0
G41Y,1.0
G41_,7.0
G58A,24.0
G58C,26.0
G58D,7.0
G58E,7.0
G58F,7.0
G58H,7.0
G58I,22.0
G58K,7.0
G58L,51.0
G58M,26.0
G58N,12.0
G58P,43.0
G58Q,7.0
G58R,7.0
G58S,26.0
G58T,26.0
G58V,26.0
G58W,7.0
G58Y,7.0
G58_,7.0
G59A,12.0
G59C,7.0
G59D,7.0
G59E,7.0
G59F,7.0
G59H,7.0
G59I,7.0
G59K,7.0
G59L,7.0
G59M,7.0
G59N,7.0
G59P,7.0
G59Q,
G59R,7.0
G59S,7.0
G59T,7.0
G59V,7.0
G59W,7.0
G59Y,7.0
G59_,7.0
G66A,26.0
G66C,45.0
G66D,7.0
G66E,45.0
G66F,45.0
G66H,51.0
G66I,7.0
G66K,45.0
G66L,45.0
G66M,45.0
G66N,45.0
G66P,51.0
G66Q,26.0
G66R,51.0
G66S,51.0
G66T,26.0
G66V,7.0
G66W,45.0
G66Y,45.0
G66_,7.0
G74A,45.0
G74C,7.0
G74D,7.0
G74E,7.0
G74F,7.0
G74H,7.0
G74I,7.0
G74K,7.0
G74L,7.0
G74M,7.0
G74N,7.0
G74P,7.0
G74Q,7.0
G74R,7.0
G74S,7.0
G74T,7.0
G74V,7.0
G74W,7.0
G74Y,7.0
G74_,7.0
G88A,26.0
G88C,26.0
G88D,26.0
G88E,26.0
G88F,26.0
G88H,26.0
G88I,51.0
G88K,51.0
G88L,26.0
G88M,26.0
G88N,26.0
G88P,26.0
G88Q,26.0
G88R,26.0
G88S,26.0
G88T,26.0
G88V,26.0
G88W,26.0
G88Y,26.0
G88_,7.0
H123A,26.0
H123C,26.0
H123D,26.0
H123E,26.0
H123F,26.0
H123G,26.0
H123I,26.0
H123K,26.0
H123L,26.0
H123M,26.0
H123N,26.0
H123P,26.0
H123Q,26.0
H123R,26.0
H123S,26.0
H123T,26.0
H123V,26.0
H123W,26.0
H123Y,26.0
H123_,7.0
H155A,24.0
H155C,26.0
H155D,51.0
H155E,45.0
H155F,26.0
H155G,51.0
H155I,26.0
H155K,45.0
H155L,51.0
H155M,51.0
H155N,26.0
H155P,51.0
H155Q,51.0
H155R,45.0
H155S,51.0
H155T,51.0
H155V,26.0
H155W,26.0
H155Y,26.0
H155_,7.0
H178A,14.0
H178C,26.0
H178D,24.0
H178E,26.0
H178F,26.0
H178G,26.0
H178I,26.0
H178K,26.0
H178L,26.0
H178M,26.0
H178N,26.0
H178P,24.0
H178Q,26.0
H178R,26.0
H178S,26.0
H178T,26.0
H178V,26.0
H178W,26.0
H178Y,26.0
H178_,7.0
H354A,26.0
H354C,26.0
H354D,26.0
H354E,26.0
H354F,26.0
H354G,45.0
H354I,26.0
H354K,26.0
H354L,51.0
H354M,24.0
H354N,26.0
H354P,7.0
H354Q,14.0
H354R,26.0
H354S,26.0
H354T,26.0
H354V,14.0
H354W,26.0
H354Y,26.0
H354_,7.0
H379A,26.0
H379C,26.0
H379D,26.0
H379E,26.0
H379F,26.0
H379G,26.0
H379I,26.0
H379K,26.0
H379L,26.0
H379M,26.0
H379N,26.0
H379P,51.0
H379Q,26.0
H379R,26.0
H379S,26.0
H379T,26.0
H379V,26.0
H379W,26.0
H379Y,26.0
H379_,26.0
H89A,26.0
H89C,26.0
H89D,51.0
H89E,26.0
H89F,26.0
H89G,26.0
H89I,26.0
H89K,51.0
H89L,26.0
H89M,26.0
H89N,24.0
H89P,26.0
H89Q,26.0
H89R,45.0
H89S,26.0
H89T,26.0
H89V,24.0
H89W,26.0
H89Y,26.0
H89_,7.0
I100A,26.0
I100C,26.0
I100D,7.0
I100E,7.0
I100F,26.0
I100G,45.0
I100H,7.0
I100K,7.0
I100L,26.0
I100M,51.0
I100N,7.0
I100P,12.0
I100Q,7.0
I100R,7.0
I100S,26.0
I100T,51.0
I100V,26.0
I100W,26.0
I100Y,26.0
I100_,7.0
I116A,51.0
I116C,26.0
I116D,7.0
I116E,7.0
I116F,51.0
I116G,45.0
I116H,12.0
I116K,7.0
I116L,26.0
I116M,51.0
I116N,45.0
I116P,7.0
I116Q,45.0
I116R,7.0
I116S,51.0
I116T,26.0
I116V,26.0
I116W,7.0
I116Y,7.0
I116_,7.0
I12A,7.0
I12C,45.0
I12D,45.0
I12E,45.0
I12F,26.0
I12G,7.0
I12H,51.0
I12K,7.0
I12L,53.0
I12M,26.0
I12N,26.0
I12P,51.0
I12Q,51.0
I12R,7.0
I12S,7.0
I12T,45.0
I12V,45.0
I12W,7.0
I12Y,51.0
I12_,7.0
I135A,45.0
I135C,7.0
I135D,7.0
I135E,7.0
I135F,45.0
I135G,7.0
I135H,45.0
I135K,7.0
I135L,51.0
I135M,26.0
I135N,7.0
I135P,7.0
I135Q,43.0
I135R,7.0
I135S,45.0
I135T,26.0
I135V,26.0
I135W,26.0
I135Y,51.0
I135_,
I136A,47.0
I136C,51.0
I136D,7.0
I136E,30.0
I136F,51.0
I136G,24.0
I136H,51.0
I136K,7.0
I136L,51.0
I136M,26.0
I136N,45.0
I136P,7.0
I136Q,26.0
I136R,7.0
I136S,51.0
I136T,51.0
I136V,26.0
I136W,45.0
I136Y,51.0
I136_,7.0
I141A,26.0
I141C,26.0
I141D,7.0
I141E,7.0
I141F,49.0
I141G,51.0
I141H,
I141K,7.0
I141L,7.0
I141M,51.0
I141N,7.0
I141P,7.0
I141Q,7.0
I141R,
I141S,43.0
I141T,51.0
I141V,26.0
I141W,7.0
I141Y,7.0
I141_,7.0
I146A,26.0
I146C,26.0
I146D,7.0
I146E,51.0
I146F,26.0
I146G,51.0
I146H,46.0
I146K,7.0
I146L,26.0
I146M,26.0
I146N,46.0
I146P,26.0
I146Q,26.0
I146R,7.0
I146S,26.0
I146T,26.0
I146V,26.0
I146W,26.0
I146Y,51.0
I146_,7.0
I15A,51.0
I15C,7.0
I15D,51.0
I15E,51.0
I15F,43.0
I15G,51.0
I15H,25.0
I15K,51.0
I15L,26.0
I15M,26.0
I15N,25.0
I15P,45.0
I15Q,25.0
I15R,7.0
I15S,51.0
I15T,26.0
I15V,26.0
I15W,7.0
I15Y,
I15_,7.0
I167A,26.0
I167C,26.0
I167D,26.0
I167E,26.0
I167F,26.0
I167G,26.0
I167H,26.0
I167K,47.0
I167L,24.0
I167M,26.0
I167N,26.0
I167P,26.0
I167Q,26.0
I167R,7.0
I167S,26.0
I167T,26.0
I167V,26.0
I167W,26.0
I167Y,26.0
I167_,7.0
I171A,26.0
I171C,26.0
I171D,45.0
I171E,26.0
I171F,26.0
I171G,26.0
I171H,26.0
I171K,26.0
I171L,24.0
I171M,26.0
I171N,26.0
I171P,26.0
I171Q,26.0
I171R,51.0
I171S,26.0
I171T,26.0
I171V,26.0
I171W,26.0
I171Y,26.0
I171_,7.0
I177A,26.0
I177C,26.0
I177D,26.0
I177E,26.0
I177F,26.0
I177G,26.0
I177H,26.0
I177K,26.0
I177L,26.0
I177M,26.0
I177N,26.0
I177P,24.0
I177Q,26.0
I177R,26.0
I177S,26.0
I177T,26.0
I177V,26.0
I177W,11.0
I177Y,21.0
I177_,7.0
I199A,26.0
I199C,26.0
I199D,24.0
I199E,26.0
I199F,26.0
I199G,26.0
I199H,26.0
I199K,26.0
I199L,26.0
I199M,26.0
I199N,26.0
I199P,26.0
I199Q,26.0
I199R,26.0
I199S,26.0
I199T,26.0
I199V,26.0
I199W,26.0
I199Y,26.0
I199_,7.0
I19A,50.0
I19C,50.0
I19D,7.0
I19E,32.0
I19F,7.0
I19G,50.0
I19H,50.0
I19K,36.0
I19L,26.0
I19M,27.0
I19N,50.0
I19P,7.0
I19Q,50.0
I19R,9.0
I19S,50.0
I19T,26.0
I19V,26.0
I19W,7.0
I19Y,7.0
I19_,7.0
I205A,26.0
I205C,24.0
I205D,7.0
I205E,7.0
I205F,26.0
I205G,45.0
I205H,45.0
I205K,51.0
I205L,26.0
I205M,26.0
I205N,
I205P,7.0
I205Q,51.0
I205R,26.0
I205S,51.0
I205T,24.0
I205V,26.0
I205W,26.0
I205Y,26.0
I205_,7.0
I209A,26.0
I209C,26.0
I209D,7.0
I209E,7.0
I209F,26.0
I209G,26.0
I209H,7.0
I209K,7.0
I209L,26.0
I209M,26.0
I209N,7.0
I209P,7.0
I209Q,7.0
I209R,7.0
I209S,26.0
I209T,26.0
I209V,26.0
I209W,51.0
I209Y,45.0
I209_,7.0
I23A,51.0
I23C,26.0
I23D,7.0
I23E,13.0
I23F,50.0
I23G,44.0
I23H,31.0
I23K,7.0
I23L,26.0
I23M,26.0
I23N,45.0
I23P,7.0
I23Q,41.0
I23R,7.0
I23S,42.0
I23T,26.0
I23V,24.0
I23W,44.0
I23Y,18.0
I23_,7.0
I240A,7.0
I240C,24.0
I240D,7.0
I240E,43.0
I240F,45.0
I240G,7.0
I240H,44.0
I240K,7.0
I240L,26.0
I240M,26.0
I240N,26.0
I240P,7.0
I240Q,7.0
I240R,7.0
I240S,7.0
I240T,26.0
I240V,51.0
I240W,7.0
I240Y,45.0
I240_,7.0
I242A,26.0
I242C,24.0
I242D,26.0
I242E,26.0
I242F,26.0
I242G,26.0
I242H,26.0
I242K,26.0
I242L,26.0
I242M,26.0
I242N,26.0
I242P,45.0
I242Q,26.0
I242R,26.0
I242S,26.0
I242T,26.0
I242V,26.0
I242W,26.0
I242Y,26.0
I242_,7.0
I244A,19.0
I244C,25.0
I244D,7.0
I244E,7.0
I244F,31.0
I244G,19.0
I244H,
I244K,7.0
I244L,26.0
I244M,25.0
I244N,19.0
I244P,7.0
I244Q,7.0
I244R,7.0
I244S,19.0
I244T,51.0
I244V,26.0
I244W,31.0
I244Y,31.0
I244_,7.0
I249A,26.0
I249C,26.0
I249D,7.0
I249E,7.0
I249F,26.0
I249G,51.0
I249H,7.0
I249K,7.0
I249L,26.0
I249M,26.0
I249N,7.0
I249P,7.0
I249Q,7.0
I249R,7.0
I249S,26.0
I249T,26.0
I249V,26.0
I249W,26.0
I249Y,51.0
I249_,7.0
I256A,26.0
I256C,26.0
I256D,7.0
I256E,7.0
I256F,26.0
I256G,26.0
I256H,7.0
I256K,7.0
I256L,26.0
I256M,51.0
I256N,7.0
I256P,7.0
I256Q,7.0
I256R,7.0
I256S,45.0
I256T,51.0
I256V,26.0
I256W,51.0
I256Y,45.0
I256_,7.0
I272A,45.0
I272C,51.0
I272D,7.0
I272E,7.0
I272F,24.0
I272G,7.0
I272H,1.0
I272K,7.0
I272L,26.0
I272M,24.0
I272N,7.0
I272P,7.0
I272Q,7.0
I272R,7.0
I272S,7.0
I272T,51.0
I272V,26.0
I272W,43.0
I272Y,7.0
I272_,7.0
I277A,26.0
I277C,26.0
I277D,26.0
I277E,45.0
I277F,24.0
I277G,26.0
I277H,51.0
I277K,26.0
I277L,26.0
I277M,26.0
I277N,24.0
I277P,7.0
I277Q,26.0
I277R,51.0
I277S,26.0
I277T,26.0
I277V,26.0
I277W,26.0
I277Y,26.0
I277_,7.0
I281A,26.0
I281C,26.0
I281D,7.0
I281E,45.0
I281F,26.0
I281G,26.0
I281H,26.0
I281K,51.0
I281L,26.0
I281M,26.0
I281N,26.0
I281P,51.0
I281Q,26.0
I281R,7.0
I281S,26.0
I281T,26.0
I281V,26.0
I281W,26.0
I281Y,51.0
I281_,7.0
I288A,26.0
I288C,26.0
I288D,51.0
I288E,26.0
I288F,26.0
I288G,26.0
I288H,26.0
I288K,26.0
I288L,26.0
I288M,26.0
I288N,26.0
I288P,45.0
I288Q,26.0
I288R,26.0
I288S,26.0
I288T,26.0
I288V,26.0
I288W,26.0
I288Y,26.0
I288_,7.0
I295A,51.0
I295C,51.0
I295D,51.0
I295E,26.0
I295F,26.0
I295G,45.0
I295H,26.0
I295K,51.0
I295L,51.0
I295M,51.0
I295N,26.0
I295P,7.0
I295Q,45.0
I295R,7.0
I295S,26.0
I295T,26.0
I295V,26.0
I295W,7.0
I295Y,27.0
I295_,7.0
I298A,26.0
I298C,26.0
I298D,26.0
I298E,26.0
I298F,26.0
I298G,26.0
I298H,45.0
I298K,7.0
I298L,26.0
I298M,26.0
I298N,26.0
I298P,51.0
I298Q,26.0
I298R,45.0
I298S,26.0
I298T,24.0
I298V,26.0
I298W,51.0
I298Y,51.0
I298_,7.0
I304A,45.0
I304C,51.0
I304D,7.0
I304E,7.0
I304F,7.0
I304G,51.0
I304H,7.0
I304K,7.0
I304L,26.0
I304M,45.0
I304N,24.0
I304P,7.0
I304Q,43.0
I304R,7.0
I304S,45.0
I304T,51.0
I304V,26.0
I304W,24.0
I304Y,7.0
I304_,7.0
I309A,51.0
I309C,51.0
I309D,43.0
I309E,7.0
I309F,26.0
I309G,7.0
I309H,7.0
I309K,7.0
I309L,51.0
I309N,45.0
I309P,7.0
I309Q,7.0
I309R,7.0
I309S,45.0
I309T,26.0
I309V,26.0
I309Y,26.0
I309_,7.0
I313A,7.0
I313C,45.0
I313D,7.0
I313E,7.0
I313F,51.0
I313G,7.0
I313H,7.0
I313K,7.0
I313L,26.0
I313M,26.0
I313N,45.0
I313P,7.0
I313Q,45.0
I313R,7.0
I313S,7.0
I313T,51.0
I313V,26.0
I313W,7.0
I313Y,7.0
I313_,7.0
I320A,26.0
I320C,26.0
I320D,7.0
I320E,51.0
I320F,51.0
I320G,45.0
I320H,26.0
I320K,24.0
I320L,26.0
I320M,26.0
I320N,51.0
I320P,7.0
I320Q,26.0
I320R,51.0
I320S,26.0
I320T,51.0
I320V,26.0
I320W,7.0
I320Y,51.0
I320_,7.0
I342A,26.0
I342C,26.0
I342D,52.0
I342E,51.0
I342F,26.0
I342G,26.0
I342H,26.0
I342K,45.0
I342L,26.0
I342M,26.0
I342N,26.0
I342P,26.0
I342Q,26.0
I342R,7.0
I342S,26.0
I342T,26.0
I342V,26.0
I342W,26.0
I342Y,14.0
I342_,7.0
I346A,45.0
I346C,51.0
I346D,
I346E,51.0
I346F,26.0
I346G,45.0
I346H,26.0
I346K,26.0
I346L,26.0
I346M,26.0
I346N,26.0
I346P,26.0
I346Q,26.0
I346R,51.0
I346S,45.0
I346T,51.0
I346V,26.0
I346W,26.0
I346Y,26.0
I346_,7.0
I355A,51.0
I355C,51.0
I355D,45.0
I355E,45.0
I355F,26.0
I355G,51.0
I355H,26.0
I355K,26.0
I355L,26.0
I355M,26.0
I355N,26.0
I355P,45.0
I355Q,51.0
I355R,26.0
I355S,51.0
I355T,26.0
I355V,51.0
I355W,51.0
I355Y,51.0
I355_,7.0
I359A,51.0
I359C,26.0
I359D,7.0
I359E,7.0
I359F,51.0
I359G,45.0
I359H,7.0
I359K,7.0
I359L,26.0
I359M,26.0
I359N,26.0
I359P,51.0
I359Q,26.0
I359R,7.0
I359S,51.0
I359T,24.0
I359V,26.0
I359W,7.0
I359Y,7.0
I359_,7.0
I363A,51.0
I363C,45.0
I363D,7.0
I363E,45.0
I363F,51.0
I363G,51.0
I363H,7.0
I363K,7.0
I363L,26.0
I363M,24.0
I363N,7.0
I363P,7.0
I363Q,45.0
I363R,7.0
I363S,45.0
I363T,26.0
I363V,26.0
I363W,45.0
I363Y,7.0
I363_,7.0
I372A,7.0
I372C,45.0
I372D,7.0
I372E,7.0
I372F,51.0
I372G,45.0
I372H,7.0
I372K,7.0
I372L,26.0
I372M,45.0
I372N,7.0
I372P,7.0
I372Q,45.0
I372R,7.0
I372S,7.0
I372T,7.0
I372V,45.0
I372W,45.0
I372Y,45.0
I372_,7.0
I375A,26.0
I375C,26.0
I375D,45.0
I375E,26.0
I375F,26.0
I375G,26.0
I375H,26.0
I375K,26.0
I375L,26.0
I375M,26.0
I375N,26.0
I375P,7.0
I375Q,26.0
I375S,26.0
I375T,26.0
I375V,24.0
I375W,26.0
I375Y,26.0
I375_,7.0
I53A,26.0
I53C,26.0
I53D,7.0
I53E,7.0
I53F,26.0
I53G,26.0
I53H,26.0
I53K,45.0
I53L,26.0
I53M,26.0
I53N,26.0
I53P,7.0
I53Q,51.0
I53R,7.0
I53S,26.0
I53T,26.0
I53V,26.0
I53W,26.0
I53Y,51.0
I53_,43.0
I54A,26.0
I54C,51.0
I54D,7.0
I54E,26.0
I54F,45.0
I54G,45.0
I54H,45.0
I54K,7.0
I54L,26.0
I54M,26.0
I54N,51.0
I54P,7.0
I54Q,51.0
I54R,7.0
I54S,51.0
I54T,26.0
I54V,26.0
I54Y,24.0
I54_,7.0
I5C,7.0
I5D,7.0
I5E,7.0
I5F,26.0
I5G,45.0
I5H,26.0
I5K,26.0
I5L,7.0
I5M,26.0
I5N,26.0
I5P,26.0
I5Q,26.0
I5R,26.0
I5S,51.0
I5T,51.0
I5V,45.0
I5W,26.0
I5Y,26.0
I5_,7.0
I70A,26.0
I70C,26.0
I70D,7.0
I70E,12.0
I70F,26.0
I70G,26.0
I70H,12.0
I70K,7.0
I70L,26.0
I70M,51.0
I70N,51.0
I70P,26.0
I70Q,12.0
I70R,7.0
I70S,51.0
I70T,26.0
I70V,26.0
I70W,26.0
I70Y,
I70_,7.0
I71A,5.0
I71C,45.0
I71D,7.0
I71E,7.0
I71F,46.0
I71G,45.0
I71H,2.0
I71K,7.0
I71L,51.0
I71M,
I71N,45.0
I71P,51.0
I71Q,51.0
I71R,7.0
I71S,7.0
I71T,45.0
I71V,26.0
I71W,7.0
I71Y,7.0
I71_,7.0
I73A,26.0
I73C,26.0
I73D,51.0
I73E,24.0
I73F,26.0
I73G,26.0
I73H,26.0
I73K,7.0
I73L,26.0
I73M,26.0
I73N,26.0
I73P,51.0
I73Q,26.0
I73R,7.0
I73S,26.0
I73T,26.0
I73V,26.0
I73W,26.0
I73Y,26.0
I73_,7.0
I76A,26.0
I76C,26.0
I76D,51.0
I76E,26.0
I76F,26.0
I76G,26.0
I76H,26.0
I76K,7.0
I76L,26.0
I76M,26.0
I76N,26.0
I76P,26.0
I76Q,26.0
I76R,7.0
I76S,26.0
I76T,26.0
I76V,26.0
I76W,26.0
I76Y,26.0
I76_,7.0
K125A,7.0
K125C,7.0
K125D,7.0
K125E,7.0
K125F,7.0
K125G,7.0
K125H,
K125I,7.0
K125L,45.0
K125M,
K125N,7.0
K125P,7.0
K125Q,45.0
K125R,26.0
K125S,7.0
K125T,45.0
K125V,
K125W,7.0
K125Y,7.0
K125_,7.0
K127A,26.0
K127C,45.0
K127D,7.0
K127E,45.0
K127F,7.0
K127G,7.0
K127H,45.0
K127I,45.0
K127L,51.0
K127M,51.0
K127N,45.0
K127P,7.0
K127Q,26.0
K127R,26.0
K127S,51.0
K127T,51.0
K127V,51.0
K127W,7.0
K127Y,7.0
K127_,7.0
K181A,26.0
K181C,26.0
K181D,26.0
K181E,26.0
K181F,26.0
K181G,24.0
K181H,26.0
K181I,26.0
K181L,26.0
K181M,26.0
K181N,26.0
K181P,47.0
K181Q,26.0
K181R,26.0
K181S,26.0
K181T,24.0
K181V,26.0
K181W,26.0
K181Y,26.0
K181_,7.0
K182A,26.0
K182C,26.0
K182D,26.0
K182E,26.0
K182F,26.0
K182G,26.0
K182H,26.0
K182I,26.0
K182L,26.0
K182M,26.0
K182N,26.0
K182P,26.0
K182Q,26.0
K182R,26.0
K182S,26.0
K182T,26.0
K182V,26.0
K182W,26.0
K182Y,26.0
K182_,7.0
K190A,26.0
K190C,26.0
K190D,26.0
K190E,26.0
K190F,26.0
K190G,26.0
K190H,26.0
K190I,26.0
K190L,26.0
K190M,26.0
K190N,26.0
K190P,26.0
K190Q,26.0
K190R,26.0
K190S,26.0
K190T,26.0
K190V,24.0
K190W,45.0
K190_,7.0
K198A,26.0
K198C,26.0
K198D,26.0
K198E,26.0
K198F,26.0
K198G,26.0
K198H,26.0
K198I,26.0
K198L,26.0
K198M,26.0
K198N,26.0
K198P,26.0
K198Q,26.0
K198R,26.0
K198S,26.0
K198T,26.0
K198V,26.0
K198W,26.0
K198Y,26.0
K198_,7.0
K202A,26.0
K202C,26.0
K202D,26.0
K202E,26.0
K202F,14.0
K202G,26.0
K202H,26.0
K202I,26.0
K202L,26.0
K202M,26.0
K202N,26.0
K202P,26.0
K202Q,26.0
K202R,26.0
K202S,26.0
K202T,26.0
K202V,26.0
K202W,26.0
K202Y,26.0
K202_,7.0
K232A,51.0
K232C,45.0
K232D,7.0
K232E,45.0
K232F,
K232G,7.0
K232H,51.0
K232I,51.0
K232L,45.0
K232M,51.0
K232N,7.0
K232P,7.0
K232Q,45.0
K232R,26.0
K232S,26.0
K232T,45.0
K232V,45.0
K232W,7.0
K232Y,7.0
K232_,7.0
K238A,26.0
K238C,26.0
K238D,26.0
K238E,26.0
K238F,24.0
K238G,26.0
K238H,24.0
K238I,26.0
K238L,26.0
K238M,26.0
K238N,51.0
K238P,51.0
K238Q,26.0
K238R,26.0
K238S,26.0
K238T,26.0
K238V,26.0
K238W,26.0
K238Y,26.0
K238_,7.0
K261A,26.0
K261C,26.0
K261D,51.0
K261E,45.0
K261F,26.0
K261G,24.0
K261H,26.0
K261I,26.0
K261L,26.0
K261M,26.0
K261N,26.0
K261P,26.0
K261Q,26.0
K261R,26.0
K261S,24.0
K261T,26.0
K261V,51.0
K261W,26.0
K261Y,43.0
K261_,7.0
K264A,26.0
K264C,26.0
K264D,26.0
K264E,26.0
K264F,26.0
K264G,26.0
K264H,51.0
K264I,51.0
K264L,26.0
K264M,26.0
K264N,26.0
K264P,45.0
K264Q,26.0
K264R,26.0
K264S,26.0
K264T,26.0
K264V,51.0
K264W,7.0
K264Y,26.0
K264_,7.0
K31A,26.0
K31C,26.0
K31D,26.0
K31E,26.0
K31F,26.0
K31G,26.0
K31H,26.0
K31I,26.0
K31L,26.0
K31M,26.0
K31N,26.0
K31P,45.0
K31Q,26.0
K31R,26.0
K31S,26.0
K31T,26.0
K31V,26.0
K31W,26.0
K31Y,26.0
K31_,7.0
K377A,26.0
K377C,26.0
K377D,26.0
K377E,26.0
K377F,26.0
K377G,26.0
K377H,26.0
K377I,26.0
K377L,26.0
K377M,26.0
K377N,26.0
K377P,26.0
K377Q,26.0
K377R,26.0
K377S,26.0
K377T,26.0
K377V,26.0
K377W,26.0
K377_,45.0
K382A,26.0
K382C,26.0
K382D,26.0
K382E,24.0
K382F,26.0
K382G,26.0
K382H,26.0
K382I,26.0
K382L,26.0
K382M,26.0
K382N,26.0
K382P,26.0
K382Q,26.0
K382R,26.0
K382S,26.0
K382T,26.0
K382V,26.0
K382W,26.0
K382Y,26.0
K382_,26.0
K384A,26.0
K384C,26.0
K384D,26.0
K384E,26.0
K384F,26.0
K384G,26.0
K384H,26.0
K384I,26.0
K384L,26.0
K384M,26.0
K384N,14.0
K384P,26.0
K384Q,26.0
K384R,26.0
K384S,26.0
K384T,24.0
K384V,26.0
K384W,26.0
K384Y,24.0
K384_,26.0
K3A,7.0
K3C,45.0
K3D,26.0
K3E,26.0
K3F,26.0
K3G,45.0
K3H,26.0
K3I,51.0
K3L,7.0
K3M,51.0
K3N,26.0
K3P,
K3Q,26.0
K3R,24.0
K3S,26.0
K3T,51.0
K3V,7.0
K3W,51.0
K3Y,26.0
K3_,7.0
K64A,26.0
K64C,26.0
K64D,26.0
K64E,26.0
K64F,26.0
K64G,26.0
K64H,26.0
K64I,26.0
K64L,26.0
K64M,24.0
K64N,26.0
K64P,26.0
K64Q,26.0
K64R,26.0
K64S,24.0
K64T,26.0
K64V,26.0
K64W,26.0
K64Y,26.0
K64_,7.0
K67A,26.0
K67C,26.0
K67D,51.0
K67E,26.0
K67F,26.0
K67G,24.0
K67H,26.0
K67I,11.0
K67L,21.0
K67M,26.0
K67N,26.0
K67P,26.0
K67Q,26.0
K67R,26.0
K67S,26.0
K67T,26.0
K67V,21.0
K67W,21.0
K67Y,26.0
K67_,7.0
K68A,26.0
K68C,26.0
K68D,26.0
K68E,26.0
K68F,26.0
K68G,26.0
K68H,26.0
K68I,24.0
K68L,26.0
K68M,26.0
K68N,26.0
K68P,26.0
K68Q,26.0
K68R,26.0
K68S,26.0
K68T,14.0
K68V,26.0
K68W,26.0
K68Y,26.0
K68_,7.0
L115A,26.0
L115C,26.0
L115D,21.0
L115E,26.0
L115F,26.0
L115G,26.0
L115H,26.0
L115I,26.0
L115K,26.0
L115M,26.0
L115N,26.0
L115P,7.0
L115Q,26.0
L115R,26.0
L115S,26.0
L115T,26.0
L115V,26.0
L115W,26.0
L115Y,26.0
L115_,7.0
L142A,51.0
L142C,26.0
L142D,7.0
L142E,7.0
L142F,26.0
L142G,51.0
L142H,7.0
L142I,26.0
L142K,7.0
L142M,26.0
L142N,7.0
L142P,2.0
L142Q,7.0
L142R,7.0
L142S,45.0
L142T,24.0
L142V,26.0
L142W,45.0
L142Y,7.0
L142_,7.0
L14A,26.0
L14C,26.0
L14D,26.0
L14E,51.0
L14F,26.0
L14G,26.0
L14H,26.0
L14I,45.0
L14K,48.0
L14M,26.0
L14N,26.0
L14P,43.0
L14Q,51.0
L14R,7.0
L14S,26.0
L14T,45.0
L14V,45.0
L14W,26.0
L14Y,7.0
L14_,7.0
L165A,26.0
L165C,26.0
L165D,26.0
L165E,26.0
L165F,26.0
L165G,26.0
L165H,26.0
L165I,26.0
L165K,45.0
L165M,26.0
L165N,26.0
L165P,12.0
L165Q,26.0
L165R,7.0
L165S,24.0
L165T,26.0
L165V,26.0
L165W,45.0
L165Y,26.0
L165_,7.0
L168A,26.0
L168C,26.0
L168D,51.0
L168E,26.0
L168F,26.0
L168G,26.0
L168H,26.0
L168I,26.0
L168K,26.0
L168M,26.0
L168N,26.0
L168P,26.0
L168Q,26.0
L168R,7.0
L168S,26.0
L168T,26.0
L168V,26.0
L168W,26.0
L168Y,26.0
L168_,7.0
L176A,26.0
L176C,26.0
L176D,26.0
L176E,26.0
L176F,26.0
L176G,26.0
L176H,26.0
L176I,51.0
L176K,24.0
L176M,26.0
L176N,26.0
L176P,26.0
L176Q,26.0
L176R,26.0
L176S,26.0
L176T,26.0
L176V,51.0
L176W,51.0
L176Y,26.0
L176_,7.0
L17A,26.0
L17C,26.0
L17D,7.0
L17E,26.0
L17F,51.0
L17G,25.0
L17H,7.0
L17I,26.0
L17K,45.0
L17M,51.0
L17N,26.0
L17P,7.0
L17Q,45.0
L17R,7.0
L17S,26.0
L17T,26.0
L17V,26.0
L17W,27.0
L17Y,45.0
L17_,7.0
L191A,26.0
L191C,26.0
L191D,26.0
L191E,26.0
L191F,26.0
L191G,26.0
L191H,26.0
L191I,26.0
L191K,26.0
L191M,24.0
L191N,26.0
L191P,26.0
L191Q,26.0
L191R,24.0
L191S,26.0
L191T,24.0
L191V,26.0
L191W,51.0
L191Y,26.0
L191_,7.0
L195A,14.0
L195C,26.0
L195D,26.0
L195E,26.0
L195F,26.0
L195G,26.0
L195H,26.0
L195I,26.0
L195K,24.0
L195M,26.0
L195N,26.0
L195P,26.0
L195Q,26.0
L195R,26.0
L195S,26.0
L195T,26.0
L195V,26.0
L195W,26.0
L195Y,26.0
L195_,7.0
L196A,26.0
L196C,26.0
L196D,26.0
L196E,24.0
L196F,26.0
L196G,26.0
L196H,26.0
L196I,24.0
L196K,26.0
L196M,26.0
L196N,26.0
L196P,26.0
L196Q,26.0
L196R,26.0
L196S,26.0
L196T,26.0
L196V,26.0
L196W,26.0
L196Y,26.0
L196_,
L210A,7.0
L210C,7.0
L210D,7.0
L210E,43.0
L210F,26.0
L210G,7.0
L210H,7.0
L210I,51.0
L210K,7.0
L210M,51.0
L210N,7.0
L210P,7.0
L210Q,7.0
L210R,7.0
L210S,43.0
L210T,45.0
L210V,45.0
L210W,7.0
L210Y,7.0
L210_,7.0
L212A,26.0
L212C,26.0
L212D,7.0
L212E,7.0
L212F,26.0
L212G,26.0
L212H,8.0
L212I,26.0
L212K,45.0
L212M,26.0
L212N,7.0
L212P,7.0
L212Q,47.0
L212R,
L212S,26.0
L212T,26.0
L212V,26.0
L212W,51.0
L212Y,26.0
L212_,7.0
L214A,43.0
L214C,45.0
L214D,7.0
L214E,7.0
L214F,45.0
L214G,7.0
L214H,7.0
L214I,26.0
L214K,7.0
L214M,51.0
L214N,7.0
L214P,7.0
L214Q,7.0
L214R,7.0
L214S,7.0
L214T,45.0
L214V,27.0
L214W,7.0
L214Y,7.0
L214_,7.0
L218A,45.0
L218C,51.0
L218D,7.0
L218E,7.0
L218F,37.0
L218G,45.0
L218H,45.0
L218I,51.0
L218K,7.0
L218M,51.0
L218N,45.0
L218P,31.0
L218Q,51.0
L218R,7.0
L218S,45.0
L218T,51.0
L218V,26.0
L218W,51.0
L218Y,
L218_,
L21A,26.0
L21C,26.0
L21D,7.0
L21E,46.0
L21F,26.0
L21G,26.0
L21H,7.0
L21I,26.0
L21K,7.0
L21M,24.0
L21N,26.0
L21P,7.0
L21Q,45.0
L21R,7.0
L21S,26.0
L21T,26.0
L21V,26.0
L21W,7.0
L21Y,7.0
L21_,7.0
L224A,7.0
L224C,45.0
L224D,7.0
L224E,7.0
L224F,26.0
L224G,7.0
L224H,43.0
L224I,
L224K,7.0
L224M,51.0
L224N,45.0
L224P,7.0
L224Q,7.0
L224R,7.0
L224S,
L224T,7.0
L224V,7.0
L224W,7.0
L224Y,46.0
L224_,7.0
L227A,7.0
L227C,51.0
L227D,7.0
L227E,7.0
L227F,26.0
L227G,7.0
L227H,7.0
L227I,27.0
L227K,7.0
L227M,26.0
L227N,7.0
L227P,7.0
L227Q,7.0
L227R,7.0
L227S,7.0
L227T,7.0
L227V,51.0
L227W,45.0
L227Y,7.0
L227_,
L253A,26.0
L253C,26.0
L253D,7.0
L253E,7.0
L253F,26.0
L253G,26.0
L253H,51.0
L253I,26.0
L253K,7.0
L253M,26.0
L253N,45.0
L253P,45.0
L253Q,51.0
L253R,7.0
L253S,26.0
L253T,26.0
L253V,26.0
L253W,26.0
L253Y,26.0
L253_,7.0
L269A,26.0
L269C,26.0
L269D,51.0
L269E,26.0
L269F,26.0
L269G,26.0
L269H,26.0
L269I,26.0
L269K,45.0
L269M,26.0
L269N,51.0
L269P,26.0
L269Q,26.0
L269R,45.0
L269S,26.0
L269T,26.0
L269V,26.0
L269W,51.0
L269Y,51.0
L269_,7.0
L26A,45.0
L26C,51.0
L26D,7.0
L26E,27.0
L26F,26.0
L26G,24.0
L26H,26.0
L26I,26.0
L26K,7.0
L26M,24.0
L26N,
L26P,7.0
L26Q,26.0
L26R,7.0
L26S,27.0
L26T,26.0
L26V,26.0
L26W,7.0
L26Y,27.0
L26_,7.0
L276A,26.0
L276C,26.0
L276D,7.0
L276E,7.0
L276F,51.0
L276G,51.0
L276H,33.0
L276I,45.0
L276K,7.0
L276M,51.0
L276N,45.0
L276P,7.0
L276Q,7.0
L276R,7.0
L276S,24.0
L276T,51.0
L276V,45.0
L276W,7.0
L276Y,43.0
L276_,7.0
L283A,51.0
L283C,26.0
L283D,7.0
L283E,7.0
L283F,7.0
L283G,45.0
L283H,7.0
L283I,45.0
L283K,7.0
L283M,51.0
L283N,43.0
L283P,7.0
L283Q,45.0
L283R,7.0
L283S,51.0
L283T,45.0
L283V,7.0
L283W,43.0
L283Y,
L283_,7.0
L285A,26.0
L285C,26.0
L285D,51.0
L285E,26.0
L285F,26.0
L285G,26.0
L285H,26.0
L285I,26.0
L285K,7.0
L285M,26.0
L285N,26.0
L285P,51.0
L285Q,24.0
L285R,7.0
L285S,26.0
L285T,26.0
L285V,24.0
L285W,51.0
L285Y,51.0
L285_,7.0
L286A,27.0
L286C,51.0
L286D,51.0
L286E,51.0
L286F,26.0
L286G,7.0
L286H,7.0
L286I,26.0
L286K,7.0
L286M,26.0
L286N,45.0
L286P,7.0
L286Q,51.0
L286R,7.0
L286S,45.0
L286T,51.0
L286V,51.0
L286W,7.0
L286Y,45.0
L286_,7.0
L30A,7.0
L30C,45.0
L30D,7.0
L30E,7.0
L30F,51.0
L30G,7.0
L30H,7.0
L30I,51.0
L30K,7.0
L30M,45.0
L30N,7.0
L30P,
L30Q,7.0
L30R,
L30S,7.0
L30T,45.0
L30V,7.0
L30W,45.0
L30Y,7.0
L30_,7.0
L331A,26.0
L331C,26.0
L331D,7.0
L331E,7.0
L331F,51.0
L331G,7.0
L331H,7.0
L331I,26.0
L331K,7.0
L331M,26.0
L331N,7.0
L331P,7.0
L331Q,7.0
L331R,7.0
L331S,7.0
L331T,45.0
L331V,26.0
L331W,7.0
L331Y,7.0
L331_,7.0
L33A,51.0
L33C,51.0
L33D,7.0
L33E,26.0
L33F,45.0
L33G,51.0
L33H,26.0
L33I,51.0
L33K,45.0
L33M,26.0
L33N,26.0
L33P,7.0
L33Q,26.0
L33R,45.0
L33S,51.0
L33T,45.0
L33V,51.0
L33W,
L33Y,7.0
L33_,7.0
L345A,26.0
L345C,51.0
L345D,43.0
L345E,45.0
L345F,26.0
L345G,26.0
L345H,7.0
L345I,51.0
L345K,7.0
L345M,26.0
L345N,51.0
L345P,26.0
L345Q,26.0
L345R,45.0
L345S,26.0
L345T,51.0
L345V,24.0
L345W,51.0
L345Y,24.0
L345_,7.0
L350A,26.0
L350D,7.0
L350E,26.0
L350F,26.0
L350G,26.0
L350H,7.0
L350I,26.0
L350K,46.0
L350M,26.0
L350N,26.0
L350P,7.0
L350Q,26.0
L350R,26.0
L350S,26.0
L350T,26.0
L350V,26.0
L350W,26.0
L350Y,26.0
L350_,7.0
L35A,51.0
L35C,51.0
L35D,7.0
L35E,7.0
L35F,51.0
L35G,45.0
L35H,45.0
L35I,45.0
L35K,45.0
L35M,26.0
L35N,7.0
L35P,
L35Q,7.0
L35R,45.0
L35S,7.0
L35T,7.0
L35V,7.0
L35W,45.0
L35Y,26.0
L35_,7.0
L367A,26.0
L367C,26.0
L367D,7.0
L367E,7.0
L367F,26.0
L367G,26.0
L367H,26.0
L367I,26.0
L367K,7.0
L367M,26.0
L367N,26.0
L367P,7.0
L367Q,26.0
L367R,7.0
L367S,26.0
L367T,26.0
L367V,24.0
L367W,26.0
L367Y,51.0
L367_,7.0
L374A,26.0
L374C,26.0
L374D,51.0
L374E,26.0
L374F,26.0
L374G,26.0
L374H,26.0
L374I,26.0
L374K,26.0
L374M,26.0
L374N,26.0
L374P,7.0
L374Q,26.0
L374R,26.0
L374S,26.0
L374T,26.0
L374V,26.0
L374W,26.0
L374Y,26.0
L374_,7.0
L383A,26.0
L383C,26.0
L383D,26.0
L383E,26.0
L383F,26.0
L383G,26.0
L383H,24.0
L383I,26.0
L383K,
L383M,26.0
L383N,24.0
L383P,26.0
L383Q,26.0
L383R,26.0
L383S,26.0
L383T,26.0
L383V,26.0
L383W,26.0
L383Y,26.0
L383_,26.0
L40A,7.0
L40C,7.0
L40D,7.0
L40E,7.0
L40F,51.0
L40G,7.0
L40H,45.0
L40I,7.0
L40K,7.0
L40M,
L40N,7.0
L40P,7.0
L40Q,45.0
L40R,7.0
L40S,20.0
L40T,7.0
L40V,7.0
L40W,42.0
L40Y,26.0
L40_,7.0
L42A,26.0
L42C,26.0
L42D,26.0
L42E,26.0
L42F,26.0
L42G,26.0
L42H,26.0
L42I,26.0
L42K,26.0
L42M,26.0
L42N,26.0
L42P,7.0
L42Q,26.0
L42R,26.0
L42S,26.0
L42T,24.0
L42V,26.0
L42W,51.0
L42Y,26.0
L42_,7.0
L43A,51.0
L43C,45.0
L43D,7.0
L43E,51.0
L43F,51.0
L43G,45.0
L43H,7.0
L43I,7.0
L43K,43.0
L43M,26.0
L43N,45.0
L43P,7.0
L43Q,51.0
L43R,7.0
L43S,51.0
L43T,45.0
L43V,7.0
L43W,7.0
L43Y,7.0
L43_,7.0
L49A,26.0
L49C,26.0
L49D,7.0
L49E,7.0
L49F,26.0
L49G,51.0
L49H,24.0
L49I,26.0
L49K,45.0
L49M,26.0
L49N,26.0
L49P,7.0
L49Q,14.0
L49R,7.0
L49S,26.0
L49T,26.0
L49V,26.0
L49W,26.0
L49Y,26.0
L49_,
L61A,26.0
L61C,26.0
L61D,7.0
L61E,26.0
L61G,26.0
L61H,26.0
L61I,26.0
L61K,26.0
L61M,26.0
L61N,26.0
L61P,7.0
L61Q,26.0
L61R,26.0
L61S,26.0
L61T,26.0
L61V,26.0
L61W,26.0
L61Y,26.0
L61_,7.0
L65A,26.0
L65C,26.0
L65D,45.0
L65E,51.0
L65F,26.0
L65G,26.0
L65H,24.0
L65I,26.0
L65K,26.0
L65M,26.0
L65N,26.0
L65P,45.0
L65Q,26.0
L65R,26.0
L65S,26.0
L65T,26.0
L65V,26.0
L65W,26.0
L65Y,26.0
L65_,7.0
L69A,26.0
L69C,26.0
L69D,26.0
L69E,51.0
L69F,26.0
L69G,26.0
L69H,26.0
L69I,26.0
L69K,26.0
L69M,26.0
L69N,51.0
L69P,26.0
L69Q,26.0
L69R,51.0
L69S,26.0
L69T,26.0
L69V,26.0
L69W,14.0
L69Y,26.0
L69_,7.0
L75A,26.0
L75C,26.0
L75D,7.0
L75E,2.0
L75F,26.0
L75G,26.0
L75H,7.0
L75I,26.0
L75K,7.0
L75M,51.0
L75N,7.0
L75P,43.0
L75Q,7.0
L75R,7.0
L75S,26.0
L75T,26.0
L75V,26.0
L75W,7.0
L75Y,46.0
L75_,7.0
L77A,26.0
L77C,26.0
L77D,26.0
L77E,51.0
L77F,26.0
L77G,26.0
L77H,51.0
L77I,45.0
L77K,7.0
L77M,26.0
L77N,51.0
L77P,43.0
L77Q,45.0
L77R,7.0
L77S,14.0
L77T,51.0
L77V,45.0
L77W,51.0
L77Y,26.0
L77_,7.0
L8A,26.0
L8C,45.0
L8D,
L8E,51.0
L8F,12.0
L8G,26.0
L8H,26.0
L8I,26.0
L8K,26.0
L8M,26.0
L8N,26.0
L8P,26.0
L8Q,26.0
L8R,2.0
L8S,26.0
L8T,26.0
L8V,26.0
L8W,7.0
L8Y,26.0
L8_,7.0
L94A,26.0
L94C,26.0
L94D,26.0
L94E,26.0
L94F,51.0
L94G,26.0
L94H,26.0
L94I,26.0
L94K,7.0
L94M,26.0
L94N,26.0
L94P,51.0
L94Q,26.0
L94R,7.0
L94S,26.0
L94T,26.0
L94V,26.0
L94W,7.0
L94Y,7.0
L94_,7.0
L96A,26.0
L96C,26.0
L96D,51.0
L96E,26.0
L96F,26.0
L96G,26.0
L96H,51.0
L96I,26.0
L96K,7.0
L96M,26.0
L96N,51.0
L96P,26.0
L96Q,51.0
L96R,7.0
L96S,51.0
L96T,26.0
L96V,26.0
L96W,26.0
L96Y,26.0
L96_,7.0
M103A,26.0
M103C,26.0
M103D,7.0
M103E,7.0
M103F,26.0
M103G,26.0
M103H,45.0
M103I,26.0
M103K,7.0
M103L,26.0
M103N,7.0
M103P,7.0
M103Q,45.0
M103R,7.0
M103S,26.0
M103T,26.0
M103V,26.0
M103W,26.0
M103Y,51.0
M103_,7.0
M107A,26.0
M107C,26.0
M107D,7.0
M107E,7.0
M107F,26.0
M107G,26.0
M107H,51.0
M107I,51.0
M107K,7.0
M107L,26.0
M107N,26.0
M107P,7.0
M107Q,26.0
M107R,7.0
M107S,26.0
M107T,26.0
M107V,51.0
M107W,26.0
M107Y,26.0
M107_,7.0
M109A,45.0
M109C,7.0
M109D,43.0
M109E,43.0
M109F,26.0
M109G,47.0
M109H,26.0
M109I,45.0
M109K,7.0
M109L,51.0
M109N,26.0
M109P,7.0
M109Q,51.0
M109R,7.0
M109S,51.0
M109T,51.0
M109V,45.0
M109W,26.0
M109Y,51.0
M109_,7.0
M132A,51.0
M132C,51.0
M132D,7.0
M132E,7.0
M132F,26.0
M132G,7.0
M132H,25.0
M132I,51.0
M132K,7.0
M132L,26.0
M132N,7.0
M132P,7.0
M132Q,51.0
M132R,7.0
M132S,51.0
M132T,45.0
M132V,45.0
M132W,45.0
M132Y,51.0
M132_,7.0
M150A,26.0
M150C,26.0
M150D,7.0
M150E,26.0
M150F,51.0
M150G,51.0
M150H,51.0
M150I,26.0
M150K,
M150L,26.0
M150N,51.0
M150P,45.0
M150Q,26.0
M150R,7.0
M150S,26.0
M150T,26.0
M150V,26.0
M150W,51.0
M150Y,26.0
M150_,7.0
M157A,26.0
M157C,26.0
M157D,26.0
M157E,26.0
M157F,45.0
M157G,26.0
M157H,26.0
M157I,26.0
M157K,26.0
M157L,26.0
M157N,26.0
M157P,51.0
M157Q,26.0
M157R,51.0
M157S,26.0
M157T,26.0
M157V,26.0
M157W,26.0
M157Y,26.0
M157_,7.0
M172A,26.0
M172C,26.0
M172D,26.0
M172E,26.0
M172F,26.0
M172G,26.0
M172H,26.0
M172I,26.0
M172K,26.0
M172L,26.0
M172N,26.0
M172P,26.0
M172Q,26.0
M172R,26.0
M172S,26.0
M172T,26.0
M172V,26.0
M172W,26.0
M172Y,26.0
M172_,7.0
M1A,7.0
M1C,7.0
M1D,7.0
M1E,7.0
M1F,7.0
M1G,7.0
M1H,7.0
M1I,7.0
M1K,7.0
M1L,7.0
M1N,7.0
M1P,7.0
M1Q,
M1R,7.0
M1S,7.0
M1T,7.0
M1V,7.0
M1W,7.0
M1Y,7.0
M1_,7.0
M263A,51.0
M263C,26.0
M263D,26.0
M263E,26.0
M263F,51.0
M263G,51.0
M263H,26.0
M263I,26.0
M263K,7.0
M263L,24.0
M263N,26.0
M263P,26.0
M263Q,26.0
M263R,51.0
M263S,26.0
M263T,26.0
M263V,26.0
M263W,26.0
M263Y,26.0
M263_,7.0
M296A,43.0
M296C,51.0
M296D,7.0
M296E,51.0
M296F,7.0
M296G,7.0
M296H,7.0
M296I,51.0
M296K,7.0
M296L,24.0
M296N,7.0
M296P,7.0
M296Q,26.0
M296R,51.0
M296S,7.0
M296T,26.0
M296V,7.0
M296W,7.0
M296Y,7.0
M296_,7.0
M308A,26.0
M308C,51.0
M308D,7.0
M308E,7.0
M308F,26.0
M308G,43.0
M308H,7.0
M308I,51.0
M308K,7.0
M308L,26.0
M308N,45.0
M308P,7.0
M308Q,43.0
M308R,43.0
M308S,45.0
M308T,45.0
M308V,26.0
M308W,
M308Y,7.0
M308_,7.0
M338A,26.0
M338C,24.0
M338D,7.0
M338E,7.0
M338F,26.0
M338G,26.0
M338H,7.0
M338I,51.0
M338K,7.0
M338L,26.0
M338N,7.0
M338P,7.0
M338Q,45.0
M338R,7.0
M338S,26.0
M338T,26.0
M338V,26.0
M338W,7.0
M338Y,7.0
M338_,7.0
M361A,7.0
M361C,51.0
M361D,7.0
M361E,51.0
M361F,51.0
M361G,7.0
M361H,45.0
M361I,51.0
M361K,7.0
M361L,45.0
M361N,7.0
M361P,7.0
M361Q,26.0
M361R,7.0
M361S,7.0
M361T,45.0
M361V,45.0
M361W,7.0
M361Y,
M361_,7.0
M388A,26.0
M388C,26.0
M388D,26.0
M388E,26.0
M388F,26.0
M388G,26.0
M388H,26.0
M388I,26.0
M388K,26.0
M388L,26.0
M388N,26.0
M388P,26.0
M388Q,26.0
M388R,26.0
M388S,26.0
M388T,26.0
M388V,26.0
M388W,26.0
M388Y,26.0
M388_,26.0
M52A,26.0
M52C,26.0
M52D,7.0
M52E,
M52F,51.0
M52G,45.0
M52H,7.0
M52I,45.0
M52K,7.0
M52L,26.0
M52N,7.0
M52P,7.0
M52Q,7.0
M52R,7.0
M52S,51.0
M52T,26.0
M52V,26.0
M52W,7.0
M52Y,7.0
M52_,7.0
M84A,26.0
M84C,26.0
M84D,51.0
M84E,26.0
M84F,26.0
M84G,26.0
M84H,51.0
M84I,26.0
M84K,45.0
M84L,26.0
M84N,51.0
M84P,45.0
M84Q,26.0
M84R,7.0
M84S,26.0
M84T,26.0
M84V,26.0
M84W,14.0
M84Y,51.0
M84_,7.0
M95A,26.0
M95C,26.0
M95D,26.0
M95E,26.0
M95F,51.0
M95G,26.0
M95H,51.0
M95I,26.0
M95K,51.0
M95L,26.0
M95N,51.0
M95P,51.0
M95Q,26.0
M95R,47.0
M95S,26.0
M95T,26.0
M95V,26.0
M95W,26.0
M95Y,26.0
M95_,7.0
N11A,26.0
N11C,26.0
N11D,26.0
N11E,47.0
N11F,26.0
N11G,26.0
N11H,43.0
N11I,47.0
N11K,26.0
N11L,47.0
N11M,26.0
N11P,26.0
N11Q,26.0
N11R,7.0
N11S,26.0
N11T,26.0
N11V,26.0
N11W,7.0
N11Y,26.0
N11_,7.0
N128A,26.0
N128C,26.0
N128D,7.0
N128E,45.0
N128F,26.0
N128G,45.0
N128H,26.0
N128I,51.0
N128K,51.0
N128L,51.0
N128M,26.0
N128P,7.0
N128Q,51.0
N128R,26.0
N128S,26.0
N128T,51.0
N128V,26.0
N128Y,26.0
N128_,7.0
N137A,7.0
N137C,7.0
N137D,7.0
N137E,7.0
N137F,7.0
N137G,7.0
N137H,7.0
N137I,7.0
N137K,7.0
N137L,7.0
N137M,7.0
N137P,7.0
N137Q,7.0
N137R,7.0
N137S,40.0
N137T,7.0
N137V,7.0
N137W,7.0
N137Y,7.0
N137_,7.0
N200A,26.0
N200C,26.0
N200D,26.0
N200E,26.0
N200F,51.0
N200G,26.0
N200H,26.0
N200I,26.0
N200K,26.0
N200L,26.0
N200M,26.0
N200P,24.0
N200Q,26.0
N200R,26.0
N200S,26.0
N200T,26.0
N200V,26.0
N200W,26.0
N200Y,26.0
N200_,7.0
N234A,26.0
N234C,26.0
N234D,26.0
N234E,26.0
N234F,26.0
N234G,26.0
N234H,26.0
N234I,24.0
N234K,26.0
N234L,26.0
N234M,26.0
N234P,27.0
N234Q,26.0
N234R,26.0
N234S,26.0
N234T,24.0
N234V,26.0
N234W,26.0
N234Y,26.0
N234_,7.0
N2A,26.0
N2C,7.0
N2D,26.0
N2E,26.0
N2F,26.0
N2G,7.0
N2H,26.0
N2I,26.0
N2K,26.0
N2L,7.0
N2M,7.0
N2P,26.0
N2Q,26.0
N2R,26.0
N2S,7.0
N2T,26.0
N2V,7.0
N2W,7.0
N2Y,26.0
N2_,7.0
N315A,26.0
N315C,26.0
N315D,51.0
N315E,51.0
N315F,26.0
N315G,51.0
N315H,26.0
N315I,26.0
N315K,7.0
N315L,26.0
N315M,26.0
N315P,7.0
N315Q,45.0
N315R,7.0
N315S,26.0
N315T,26.0
N315V,26.0
N315W,26.0
N315Y,26.0
N315_,7.0
N319A,51.0
N319C,26.0
N319D,26.0
N319E,26.0
N319F,45.0
N319G,26.0
N319H,51.0
N319I,51.0
N319K,45.0
N319L,45.0
N319M,26.0
N319P,7.0
N319Q,26.0
N319R,26.0
N319S,24.0
N319T,24.0
N319V,26.0
N319W,51.0
N319Y,51.0
N319_,7.0
N332A,45.0
N332C,26.0
N332D,49.0
N332E,27.0
N332F,7.0
N332G,7.0
N332H,26.0
N332I,45.0
N332K,7.0
N332L,45.0
N332M,45.0
N332P,7.0
N332Q,26.0
N332R,7.0
N332S,51.0
N332T,45.0
N332V,51.0
N332W,7.0
N332Y,
N332_,7.0
N340A,26.0
N340C,26.0
N340D,49.0
N340E,27.0
N340F,7.0
N340G,24.0
N340H,51.0
N340I,7.0
N340K,10.0
N340L,7.0
N340M,51.0
N340P,7.0
N340Q,26.0
N340R,7.0
N340T,26.0
N340V,46.0
N340W,7.0
N340Y,26.0
N340_,7.0
N387A,26.0
N387C,26.0
N387D,26.0
N387E,26.0
N387F,26.0
N387G,26.0
N387H,26.0
N387I,26.0
N387K,26.0
N387L,26.0
N387M,24.0
N387P,26.0
N387Q,26.0
N387R,26.0
N387S,26.0
N387T,26.0
N387V,26.0
N387W,26.0
N387Y,26.0
N387_,26.0
N90A,26.0
N90C,26.0
N90D,26.0
N90E,26.0
N90F,26.0
N90G,26.0
N90H,26.0
N90I,24.0
N90K,26.0
N90L,26.0
N90M,26.0
N90P,26.0
N90Q,26.0
N90R,45.0
N90S,26.0
N90T,26.0
N90V,26.0
N90W,26.0
N90Y,26.0
N90_,7.0
P110A,7.0
P110C,7.0
P110D,7.0
P110E,7.0
P110F,7.0
P110G,7.0
P110H,7.0
P110I,45.0
P110K,7.0
P110L,7.0
P110M,7.0
P110N,7.0
P110Q,1.0
P110R,7.0
P110S,7.0
P110T,7.0
P110V,7.0
P110W,7.0
P110Y,7.0
P110_,7.0
P121A,26.0
P121C,26.0
P121D,26.0
P121E,26.0
P121F,26.0
P121G,26.0
P121H,26.0
P121I,26.0
P121K,26.0
P121L,26.0
P121M,26.0
P121N,26.0
P121Q,26.0
P121R,26.0
P121S,26.0
P121T,26.0
P121V,26.0
P121W,26.0
P121Y,26.0
P121_,7.0
P144A,2.0
P144C,7.0
P144D,7.0
P144E,7.0
P144F,7.0
P144G,2.0
P144H,7.0
P144I,7.0
P144K,7.0
P144L,7.0
P144M,7.0
P144N,7.0
P144Q,7.0
P144R,7.0
P144S,2.0
P144T,7.0
P144V,7.0
P144W,7.0
P144Y,7.0
P144_,7.0
P158A,26.0
P158C,26.0
P158D,26.0
P158E,51.0
P158F,
P158G,26.0
P158H,46.0
P158I,51.0
P158K,7.0
P158L,45.0
P158M,45.0
P158N,26.0
P158Q,43.0
P158R,7.0
P158S,14.0
P158T,26.0
P158V,26.0
P158W,7.0
P158Y,7.0
P158_,7.0
P180A,26.0
P180C,26.0
P180D,26.0
P180E,26.0
P180F,26.0
P180G,26.0
P180H,26.0
P180I,26.0
P180K,26.0
P180L,26.0
P180M,24.0
P180N,26.0
P180Q,26.0
P180R,26.0
P180S,26.0
P180T,26.0
P180V,26.0
P180W,26.0
P180Y,26.0
P180_,7.0
P193A,26.0
P193C,26.0
P193D,26.0
P193E,26.0
P193F,45.0
P193G,26.0
P193H,26.0
P193I,45.0
P193K,26.0
P193L,45.0
P193M,26.0
P193N,26.0
P193Q,26.0
P193R,26.0
P193S,26.0
P193T,26.0
P193V,26.0
P193W,45.0
P193Y,26.0
P193_,7.0
P207A,51.0
P207C,7.0
P207D,7.0
P207E,7.0
P207F,45.0
P207G,51.0
P207H,7.0
P207I,51.0
P207K,7.0
P207L,7.0
P207M,51.0
P207N,7.0
P207Q,7.0
P207R,7.0
P207S,7.0
P207T,45.0
P207V,45.0
P207W,7.0
P207Y,7.0
P207_,7.0
P237A,26.0
P237C,26.0
P237D,7.0
P237E,43.0
P237F,51.0
P237G,26.0
P237H,43.0
P237I,7.0
P237K,7.0
P237L,7.0
P237M,43.0
P237N,7.0
P237Q,7.0
P237R,7.0
P237S,26.0
P237T,51.0
P237V,26.0
P237W,7.0
P237Y,51.0
P237_,7.0
P24A,51.0
P24C,51.0
P24D,7.0
P24E,7.0
P24F,7.0
P24G,7.0
P24H,7.0
P24I,7.0
P24K,7.0
P24L,7.0
P24M,7.0
P24N,7.0
P24Q,7.0
P24R,
P24S,51.0
P24T,27.0
P24V,51.0
P24W,7.0
P24Y,7.0
P24_,7.0
P27A,45.0
P27C,7.0
P27D,7.0
P27E,7.0
P27F,7.0
P27G,7.0
P27H,7.0
P27I,7.0
P27K,7.0
P27L,7.0
P27M,7.0
P27N,43.0
P27Q,7.0
P27R,7.0
P27S,7.0
P27T,7.0
P27V,7.0
P27W,7.0
P27Y,7.0
P27_,7.0
P311A,7.0
P311C,43.0
P311D,7.0
P311E,7.0
P311F,7.0
P311G,12.0
P311H,7.0
P311I,7.0
P311K,7.0
P311L,43.0
P311M,7.0
P311N,11.0
P311Q,7.0
P311R,7.0
P311S,12.0
P311T,26.0
P311V,43.0
P311W,12.0
P311Y,7.0
P311_,7.0
P344A,21.0
P344C,43.0
P344D,43.0
P344E,7.0
P344F,7.0
P344G,21.0
P344H,7.0
P344I,7.0
P344K,7.0
P344L,7.0
P344M,7.0
P344N,43.0
P344R,7.0
P344S,21.0
P344T,7.0
P344V,7.0
P344W,7.0
P344Y,7.0
P344_,
P358A,49.0
P358C,51.0
P358D,7.0
P358E,7.0
P358F,45.0
P358G,7.0
P358H,45.0
P358I,51.0
P358K,7.0
P358L,7.0
P358M,45.0
P358N,7.0
P358Q,45.0
P358R,7.0
P358S,45.0
P358T,7.0
P358V,45.0
P358W,7.0
P358Y,7.0
P358_,7.0
P56A,51.0
P56C,51.0
P56D,
P56E,7.0
P56F,45.0
P56I,26.0
P56K,7.0
P56L,51.0
P56M,25.0
P56N,7.0
P56Q,7.0
P56R,7.0
P56S,45.0
P56T,45.0
P56V,26.0
P56W,7.0
P56Y,
P56_,
Q124A,26.0
Q124C,26.0
Q124D,26.0
Q124E,26.0
Q124F,45.0
Q124G,51.0
Q124H,26.0
Q124I,51.0
Q124K,26.0
Q124L,26.0
Q124M,26.0
Q124N,14.0
Q124P,7.0
Q124R,26.0
Q124S,26.0
Q124T,26.0
Q124V,26.0
Q124W,45.0
Q124Y,51.0
Q124_,7.0
Q189A,26.0
Q189C,26.0
Q189D,26.0
Q189E,26.0
Q189F,51.0
Q189G,26.0
Q189H,26.0
Q189I,51.0
Q189K,26.0
Q189L,26.0
Q189M,26.0
Q189N,26.0
Q189P,26.0
Q189R,26.0
Q189S,26.0
Q189T,26.0
Q189V,26.0
Q189W,45.0
Q189Y,26.0
Q189_,7.0
Q194A,26.0
Q194C,26.0
Q194D,26.0
Q194E,26.0
Q194F,26.0
Q194G,26.0
Q194H,26.0
Q194I,51.0
Q194K,26.0
Q194L,26.0
Q194M,26.0
Q194N,26.0
Q194P,51.0
Q194R,26.0
Q194S,26.0
Q194T,26.0
Q194V,51.0
Q194W,51.0
Q194Y,26.0
Q194_,7.0
Q255A,51.0
Q255C,26.0
Q255D,47.0
Q255E,7.0
Q255F,43.0
Q255G,26.0
Q255H,43.0
Q255I,26.0
Q255K,7.0
Q255L,26.0
Q255M,26.0
Q255N,26.0
Q255P,45.0
Q255R,7.0
Q255S,51.0
Q255T,27.0
Q255V,51.0
Q255W,7.0
Q255Y,7.0
Q255_,7.0
Q325A,7.0
Q325C,7.0
Q325D,7.0
Q325E,45.0
Q325F,7.0
Q325G,7.0
Q325H,7.0
Q325I,7.0
Q325K,7.0
Q325L,7.0
Q325M,7.0
Q325N,51.0
Q325P,7.0
Q325R,7.0
Q325S,26.0
Q325T,26.0
Q325V,7.0
Q325W,7.0
Q325Y,7.0
Q325_,7.0
Q378A,26.0
Q378C,26.0
Q378D,14.0
Q378E,26.0
Q378F,26.0
Q378G,26.0
Q378H,26.0
Q378I,26.0
Q378K,26.0
Q378L,26.0
Q378M,24.0
Q378N,26.0
Q378P,26.0
Q378R,26.0
Q378S,26.0
Q378T,26.0
Q378V,26.0
Q378W,26.0
Q378Y,26.0
Q378_,51.0
Q386A,26.0
Q386C,26.0
Q386D,26.0
Q386E,26.0
Q386F,26.0
Q386G,26.0
Q386H,26.0
Q386I,26.0
Q386K,26.0
Q386L,26.0
Q386M,26.0
Q386N,26.0
Q386P,26.0
Q386R,26.0
Q386S,26.0
Q386T,26.0
Q386V,26.0
Q386W,26.0
Q386Y,26.0
Q386_,26.0
Q4A,26.0
Q4C,26.0
Q4D,26.0
Q4E,26.0
Q4F,26.0
Q4G,7.0
Q4H,26.0
Q4I,26.0
Q4K,26.0
Q4L,26.0
Q4M,26.0
Q4N,26.0
Q4P,45.0
Q4R,26.0
Q4S,26.0
Q4T,26.0
Q4V,26.0
Q4W,7.0
Q4Y,26.0
Q4_,7.0
Q51A,51.0
Q51C,26.0
Q51D,7.0
Q51E,49.0
Q51F,7.0
Q51G,45.0
Q51H,7.0
Q51I,7.0
Q51K,7.0
Q51L,7.0
Q51M,7.0
Q51N,51.0
Q51P,7.0
Q51R,
Q51S,26.0
Q51T,51.0
Q51V,7.0
Q51W,43.0
Q51Y,7.0
Q51_,7.0
R156A,45.0
R156C,45.0
R156D,51.0
R156E,45.0
R156F,51.0
R156G,7.0
R156H,51.0
R156I,51.0
R156K,51.0
R156L,51.0
R156M,51.0
R156N,45.0
R156P,45.0
R156Q,45.0
R156S,51.0
R156T,51.0
R156V,51.0
R156W,45.0
R156Y,51.0
R156_,7.0
R310A,32.0
R310C,32.0
R310D,10.0
R310E,10.0
R310F,32.0
R310G,54.0
R310H,32.0
R310I,31.0
R310K,24.0
R310L,32.0
R310M,32.0
R310N,32.0
R310P,7.0
R310Q,32.0
R310S,32.0
R310T,32.0
R310V,31.0
R310W,7.0
R310Y,31.0
R310_,7.0
R324A,51.0
R324C,51.0
R324D,45.0
R324E,45.0
R324F,26.0
R324G,45.0
R324H,26.0
R324I,7.0
R324K,26.0
R324L,26.0
R324M,26.0
R324N,26.0
R324P,7.0
R324Q,51.0
R324S,51.0
R324T,7.0
R324V,45.0
R324W,45.0
R324Y,51.0
R324_,7.0
R380A,26.0
R380C,26.0
R380D,43.0
R380E,26.0
R380F,26.0
R380G,26.0
R380H,26.0
R380I,26.0
R380K,26.0
R380L,26.0
R380M,26.0
R380N,26.0
R380P,51.0
R380Q,26.0
R380S,24.0
R380T,26.0
R380V,26.0
R380W,51.0
R380Y,51.0
R380_,26.0
R98A,7.0
R98C,7.0
R98D,7.0
R98E,7.0
R98F,7.0
R98G,7.0
R98H,7.0
R98I,7.0
R98K,7.0
R98L,7.0
R98M,7.0
R98N,7.0
R98P,7.0
R98Q,7.0
R98T,7.0
R98V,7.0
R98W,7.0
R98Y,7.0
R98_,7.0
S104A,26.0
S104C,45.0
S104D,
S104E,7.0
S104F,26.0
S104G,26.0
S104H,43.0
S104I,7.0
S104K,7.0
S104L,7.0
S104M,41.0
S104N,51.0
S104P,7.0
S104Q,41.0
S104R,7.0
S104T,7.0
S104V,7.0
S104W,12.0
S104Y,41.0
S104_,1.0
S120A,51.0
S120C,51.0
S120D,7.0
S120E,7.0
S120F,51.0
S120G,51.0
S120H,26.0
S120I,51.0
S120K,7.0
S120L,45.0
S120M,45.0
S120N,7.0
S120P,7.0
S120Q,28.0
S120R,7.0
S120T,26.0
S120V,51.0
S120W,7.0
S120Y,7.0
S120_,7.0
S122A,26.0
S122C,26.0
S122D,26.0
S122E,26.0
S122F,26.0
S122G,26.0
S122H,26.0
S122I,26.0
S122K,26.0
S122L,24.0
S122M,26.0
S122N,26.0
S122P,26.0
S122Q,26.0
S122R,26.0
S122T,26.0
S122V,26.0
S122W,26.0
S122Y,26.0
S122_,7.0
S133A,26.0
S133C,46.0
S133D,34.0
S133E,35.0
S133F,7.0
S133G,26.0
S133H,7.0
S133I,7.0
S133K,
S133L,7.0
S133M,45.0
S133N,45.0
S133P,7.0
S133Q,8.0
S133R,7.0
S133T,7.0
S133V,7.0
S133W,7.0
S133Y,7.0
S133_,7.0
S138A,26.0
S138C,26.0
S138D,7.0
S138E,7.0
S138F,26.0
S138G,26.0
S138H,7.0
S138I,26.0
S138K,7.0
S138L,26.0
S138M,26.0
S138N,7.0
S138P,7.0
S138Q,45.0
S138R,7.0
S138T,26.0
S138V,26.0
S138W,7.0
S138Y,45.0
S138_,7.0
S154A,26.0
S154C,26.0
S154D,26.0
S154E,15.0
S154F,51.0
S154G,51.0
S154H,26.0
S154I,26.0
S154K,45.0
S154L,26.0
S154M,26.0
S154N,26.0
S154P,
S154Q,26.0
S154R,7.0
S154T,26.0
S154V,26.0
S154W,51.0
S154Y,26.0
S154_,7.0
S173A,26.0
S173C,26.0
S173D,26.0
S173E,26.0
S173F,46.0
S173G,26.0
S173H,26.0
S173I,46.0
S173K,46.0
S173L,26.0
S173M,26.0
S173N,51.0
S173P,46.0
S173Q,26.0
S173R,12.0
S173T,51.0
S173V,26.0
S173W,11.0
S173Y,47.0
S173_,7.0
S183A,26.0
S183C,26.0
S183D,26.0
S183E,26.0
S183F,26.0
S183G,26.0
S183H,26.0
S183I,24.0
S183K,26.0
S183L,26.0
S183M,26.0
S183N,24.0
S183P,26.0
S183Q,26.0
S183R,26.0
S183T,26.0
S183V,26.0
S183W,26.0
S183Y,26.0
S183_,7.0
S186A,26.0
S186C,26.0
S186D,26.0
S186E,26.0
S186F,26.0
S186G,26.0
S186H,26.0
S186I,26.0
S186K,26.0
S186L,26.0
S186M,26.0
S186N,26.0
S186P,26.0
S186Q,26.0
S186R,26.0
S186T,14.0
S186V,26.0
S186W,51.0
S186Y,26.0
S186_,7.0
S219A,51.0
S219C,26.0
S219D,32.0
S219E,49.0
S219F,45.0
S219G,26.0
S219H,51.0
S219I,7.0
S219K,7.0
S219L,7.0
S219M,43.0
S219N,27.0
S219P,7.0
S219Q,27.0
S219R,7.0
S219T,26.0
S219V,45.0
S219W,7.0
S219Y,51.0
S219_,7.0
S226A,26.0
S226C,26.0
S226D,7.0
S226E,7.0
S226F,
S226G,51.0
S226H,
S226I,7.0
S226K,7.0
S226L,7.0
S226M,7.0
S226N,7.0
S226P,27.0
S226Q,7.0
S226R,7.0
S226T,26.0
S226V,51.0
S226W,7.0
S226Y,7.0
S226_,7.0
S230A,26.0
S230C,26.0
S230D,26.0
S230E,26.0
S230F,26.0
S230G,26.0
S230H,26.0
S230I,26.0
S230K,45.0
S230L,26.0
S230M,24.0
S230N,26.0
S230P,7.0
S230Q,26.0
S230R,45.0
S230T,26.0
S230V,26.0
S230W,51.0
S230Y,26.0
S230_,7.0
S236A,26.0
S236C,26.0
S236D,26.0
S236E,26.0
S236F,26.0
S236G,26.0
S236H,26.0
S236I,26.0
S236K,24.0
S236L,24.0
S236M,26.0
S236N,26.0
S236P,45.0
S236Q,26.0
S236R,26.0
S236T,26.0
S236V,26.0
S236W,26.0
S236Y,26.0
S236_,7.0
S241A,26.0
S241C,26.0
S241D,7.0
S241E,7.0
S241F,7.0
S241G,43.0
S241H,7.0
S241I,7.0
S241K,
S241L,7.0
S241M,45.0
S241N,7.0
S241P,
S241Q,7.0
S241R,7.0
S241T,51.0
S241V,7.0
S241W,7.0
S241Y,7.0
S241_,7.0
S267A,26.0
S267C,26.0
S267D,26.0
S267E,26.0
S267F,26.0
S267G,26.0
S267H,24.0
S267I,26.0
S267K,24.0
S267L,26.0
S267M,26.0
S267N,26.0
S267P,26.0
S267Q,26.0
S267R,26.0
S267T,26.0
S267V,26.0
S267W,26.0
S267Y,26.0
S267_,7.0
S275A,26.0
S275C,26.0
S275D,45.0
S275E,45.0
S275F,26.0
S275G,51.0
S275H,24.0
S275I,7.0
S275K,26.0
S275L,26.0
S275M,26.0
S275N,26.0
S275P,43.0
S275Q,51.0
S275R,7.0
S275T,51.0
S275V,7.0
S275W,51.0
S275Y,49.0
S275_,7.0
S279A,45.0
S279C,45.0
S279D,7.0
S279E,26.0
S279F,7.0
S279G,51.0
S279H,7.0
S279I,7.0
S279K,7.0
S279L,7.0
S279M,7.0
S279N,45.0
S279P,7.0
S279Q,45.0
S279R,7.0
S279T,7.0
S279V,7.0
S279W,7.0
S279Y,7.0
S279_,7.0
S299A,7.0
S299C,7.0
S299D,7.0
S299E,7.0
S299F,7.0
S299G,7.0
S299H,7.0
S299I,43.0
S299K,7.0
S299L,43.0
S299M,43.0
S299N,7.0
S299P,7.0
S299Q,7.0
S299R,7.0
S299T,45.0
S299V,7.0
S299W,7.0
S299Y,
S299_,7.0
S318A,45.0
S318C,45.0
S318D,7.0
S318E,7.0
S318F,7.0
S318G,7.0
S318H,45.0
S318I,7.0
S318K,7.0
S318L,7.0
S318M,7.0
S318N,7.0
S318P,7.0
S318Q,43.0
S318T,7.0
S318V,7.0
S318W,7.0
S318Y,
S318_,7.0
S333A,43.0
S333C,45.0
S333D,7.0
S333E,10.0
S333F,7.0
S333G,26.0
S333H,45.0
S333I,7.0
S333K,7.0
S333L,45.0
S333M,45.0
S333N,
S333P,7.0
S333Q,45.0
S333R,
S333T,45.0
S333V,7.0
S333W,51.0
S333Y,45.0
S333_,7.0
S337A,26.0
S337C,7.0
S337D,7.0
S337E,7.0
S337F,7.0
S337G,26.0
S337H,7.0
S337I,7.0
S337K,7.0
S337L,7.0
S337M,7.0
S337N,7.0
S337P,7.0
S337Q,7.0
S337R,7.0
S337T,7.0
S337V,7.0
S337W,7.0
S337Y,7.0
S337_,7.0
S366A,26.0
S366C,51.0
S366D,7.0
S366E,7.0
S366F,7.0
S366G,51.0
S366H,7.0
S366I,7.0
S366K,7.0
S366L,7.0
S366M,7.0
S366N,7.0
S366P,7.0
S366Q,7.0
S366R,7.0
S366T,45.0
S366V,7.0
S366W,7.0
S366Y,7.0
S366_,7.0
S38A,26.0
S38C,26.0
S38D,7.0
S38E,26.0
S38F,51.0
S38G,26.0
S38H,26.0
S38I,51.0
S38K,26.0
S38L,51.0
S38M,26.0
S38N,26.0
S38P,45.0
S38Q,26.0
S38R,26.0
S38T,26.0
S38V,51.0
S38W,26.0
S38Y,26.0
S38_,7.0
S50A,26.0
S50C,26.0
S50D,51.0
S50E,7.0
S50F,26.0
S50G,43.0
S50H,26.0
S50I,45.0
S50K,51.0
S50L,51.0
S50M,26.0
S50N,26.0
S50P,7.0
S50Q,26.0
S50R,7.0
S50T,26.0
S50V,45.0
S50W,24.0
S50Y,45.0
S50_,7.0
S55A,45.0
S55C,7.0
S55D,7.0
S55E,
S55F,7.0
S55G,51.0
S55H,7.0
S55I,7.0
S55K,7.0
S55L,7.0
S55M,7.0
S55N,7.0
S55P,7.0
S55Q,7.0
S55R,7.0
S55T,7.0
S55V,7.0
S55W,7.0
S55Y,7.0
S55_,7.0
S79A,26.0
S79C,51.0
S79D,45.0
S79E,49.0
S79F,26.0
S79G,26.0
S79H,51.0
S79I,45.0
S79K,7.0
S79L,45.0
S79M,51.0
S79N,45.0
S79P,26.0
S79Q,51.0
S79R,
S79T,51.0
S79V,51.0
S79W,26.0
S79Y,26.0
S79_,7.0
S81A,26.0
S81C,26.0
S81D,46.0
S81E,23.0
S81F,37.0
S81G,26.0
S81H,37.0
S81I,7.0
S81K,7.0
S81L,7.0
S81M,37.0
S81N,51.0
S81P,2.0
S81Q,37.0
S81R,7.0
S81T,51.0
S81V,45.0
S81W,37.0
S81Y,37.0
S81_,7.0
S92A,24.0
S92C,26.0
S92D,24.0
S92E,26.0
S92F,26.0
S92G,26.0
S92H,26.0
S92I,26.0
S92K,51.0
S92L,26.0
S92M,26.0
S92N,26.0
S92P,26.0
S92Q,26.0
S92R,45.0
S92T,26.0
S92V,26.0
S92W,26.0
S92Y,26.0
S92_,7.0
S97A,26.0
S97C,45.0
S97D,7.0
S97E,7.0
S97F,7.0
S97G,26.0
S97H,35.0
S97I,7.0
S97K,7.0
S97L,7.0
S97M,
S97N,45.0
S97P,7.0
S97Q,45.0
S97R,7.0
S97T,26.0
S97V,45.0
S97W,7.0
S97Y,7.0
S97_,7.0
T113A,45.0
T113C,45.0
T113D,35.0
T113E,35.0
T113F,45.0
T113G,45.0
T113H,26.0
T113I,51.0
T113K,7.0
T113L,51.0
T113M,51.0
T113N,51.0
T113P,51.0
T113Q,51.0
T113R,7.0
T113S,51.0
T113V,51.0
T113W,45.0
T113Y,26.0
T113_,7.0
T184A,26.0
T184C,26.0
T184D,26.0
T184E,26.0
T184F,26.0
T184G,26.0
T184H,26.0
T184I,26.0
T184K,26.0
T184L,26.0
T184M,26.0
T184N,26.0
T184P,26.0
T184Q,26.0
T184R,26.0
T184S,26.0
T184V,26.0
T184W,26.0
T184Y,26.0
T184_,43.0
T185A,26.0
T185C,26.0
T185D,26.0
T185E,26.0
T185F,26.0
T185G,26.0
T185H,26.0
T185I,26.0
T185K,26.0
T185L,26.0
T185M,26.0
T185N,26.0
T185P,26.0
T185Q,26.0
T185R,26.0
T185S,24.0
T185V,26.0
T185W,26.0
T185Y,26.0
T185_,7.0
T197A,26.0
T197C,26.0
T197D,24.0
T197E,26.0
T197F,26.0
T197G,26.0
T197H,26.0
T197I,26.0
T197K,26.0
T197L,26.0
T197M,26.0
T197N,26.0
T197P,26.0
T197Q,26.0
T197R,24.0
T197S,26.0
T197V,26.0
T197W,51.0
T197Y,24.0
T197_,7.0
T206A,26.0
T206C,26.0
T206D,43.0
T206E,45.0
T206F,26.0
T206G,51.0
T206H,26.0
T206I,51.0
T206K,51.0
T206L,45.0
T206M,26.0
T206N,45.0
T206P,26.0
T206Q,51.0
T206R,45.0
T206S,26.0
T206V,26.0
T206W,51.0
T206Y,26.0
T206_,7.0
T211A,26.0
T211C,26.0
T211D,7.0
T211E,7.0
T211F,7.0
T211G,51.0
T211H,7.0
T211I,45.0
T211K,7.0
T211L,7.0
T211M,7.0
T211N,45.0
T211P,7.0
T211Q,51.0
T211R,7.0
T211S,26.0
T211V,24.0
T211W,7.0
T211Y,43.0
T211_,7.0
T223A,26.0
T223C,26.0
T223D,32.0
T223E,32.0
T223F,7.0
T223G,27.0
T223H,26.0
T223I,51.0
T223K,7.0
T223L,7.0
T223M,26.0
T223N,26.0
T223P,32.0
T223Q,26.0
T223R,7.0
T223S,27.0
T223V,26.0
T223W,40.0
T223Y,51.0
T223_,7.0
T229A,26.0
T229C,46.0
T229D,1.0
T229E,45.0
T229F,26.0
T229G,45.0
T229H,7.0
T229I,47.0
T229K,7.0
T229L,45.0
T229M,51.0
T229N,7.0
T229P,7.0
T229Q,7.0
T229R,7.0
T229S,7.0
T229V,26.0
T229W,7.0
T229Y,43.0
T229_,7.0
T245A,26.0
T245C,26.0
T245D,7.0
T245E,26.0
T245F,45.0
T245G,51.0
T245H,7.0
T245I,26.0
T245K,7.0
T245L,27.0
T245M,26.0
T245N,7.0
T245P,45.0
T245Q,26.0
T245R,7.0
T245S,26.0
T245V,26.0
T245W,43.0
T245Y,7.0
T245_,7.0
T270A,26.0
T270C,26.0
T270D,26.0
T270E,24.0
T270F,26.0
T270G,26.0
T270H,26.0
T270I,51.0
T270K,26.0
T270L,26.0
T270M,26.0
T270N,26.0
T270P,26.0
T270Q,26.0
T270R,26.0
T270S,26.0
T270V,26.0
T270W,26.0
T270Y,26.0
T270_,7.0
T294A,26.0
T294C,26.0
T294D,26.0
T294E,26.0
T294F,24.0
T294G,26.0
T294H,26.0
T294I,26.0
T294K,14.0
T294L,26.0
T294M,26.0
T294N,26.0
T294P,26.0
T294Q,26.0
T294R,51.0
T294S,26.0
T294V,26.0
T294W,26.0
T294Y,26.0
T294_,7.0
T314A,26.0
T314C,26.0
T314D,35.0
T314E,7.0
T314F,51.0
T314G,51.0
T314H,26.0
T314I,26.0
T314K,7.0
T314L,26.0
T314M,26.0
T314N,51.0
T314P,7.0
T314Q,26.0
T314R,7.0
T314S,51.0
T314V,26.0
T314W,47.0
T314Y,51.0
T314_,7.0
T334A,26.0
T334C,26.0
T334D,7.0
T334E,7.0
T334F,14.0
T334G,51.0
T334H,7.0
T334I,51.0
T334K,7.0
T334L,26.0
T334M,26.0
T334N,7.0
T334P,7.0
T334Q,7.0
T334R,7.0
T334S,26.0
T334V,51.0
T334W,7.0
T334Y,7.0
T334_,7.0
T336A,26.0
T336C,51.0
T336D,49.0
T336E,48.0
T336F,37.0
T336G,26.0
T336H,24.0
T336I,51.0
T336K,7.0
T336L,51.0
T336M,26.0
T336N,26.0
T336P,7.0
T336Q,26.0
T336R,8.0
T336S,24.0
T336V,51.0
T336W,
T336Y,51.0
T336_,
T36A,26.0
T36C,26.0
T36D,26.0
T36E,51.0
T36F,26.0
T36G,26.0
T36H,26.0
T36I,26.0
T36K,26.0
T36L,26.0
T36M,26.0
T36N,26.0
T36P,7.0
T36Q,24.0
T36R,
T36S,26.0
T36V,26.0
T36W,26.0
T36Y,26.0
T36_,7.0
T60A,26.0
T60C,26.0
T60D,26.0
T60E,26.0
T60F,26.0
T60G,26.0
T60H,26.0
T60I,26.0
T60K,51.0
T60L,26.0
T60M,26.0
T60N,26.0
T60P,43.0
T60Q,26.0
T60R,51.0
T60S,26.0
T60V,26.0
T60W,26.0
T60Y,26.0
T60_,7.0
V108A,26.0
V108C,26.0
V108D,7.0
V108E,7.0
V108F,2.0
V108G,45.0
V108H,41.0
V108I,26.0
V108K,7.0
V108L,26.0
V108M,26.0
V108N,26.0
V108P,7.0
V108Q,26.0
V108R,7.0
V108S,26.0
V108T,26.0
V108W,7.0
V108Y,7.0
V108_,7.0
V112A,51.0
V112C,45.0
V112D,
V112E,26.0
V112F,7.0
V112G,45.0
V112H,46.0
V112I,26.0
V112K,10.0
V112L,26.0
V112M,26.0
V112N,51.0
V112P,7.0
V112Q,47.0
V112R,
V112S,45.0
V112T,26.0
V112W,7.0
V112Y,7.0
V112_,7.0
V119A,26.0
V119C,26.0
V119D,26.0
V119E,26.0
V119F,26.0
V119G,26.0
V119H,26.0
V119I,26.0
V119K,26.0
V119L,26.0
V119M,26.0
V119N,26.0
V119P,7.0
V119Q,26.0
V119R,26.0
V119S,26.0
V119T,26.0
V119W,26.0
V119Y,26.0
V119_,7.0
V153A,26.0
V153C,26.0
V153D,26.0
V153E,26.0
V153F,26.0
V153G,26.0
V153H,26.0
V153I,26.0
V153K,26.0
V153L,26.0
V153M,26.0
V153N,26.0
V153P,26.0
V153Q,26.0
V153R,26.0
V153S,26.0
V153T,26.0
V153W,26.0
V153Y,26.0
V153_,7.0
V174A,24.0
V174C,26.0
V174D,26.0
V174E,26.0
V174F,26.0
V174G,26.0
V174H,26.0
V174I,26.0
V174K,26.0
V174L,26.0
V174M,26.0
V174N,26.0
V174P,26.0
V174Q,26.0
V174R,26.0
V174S,26.0
V174T,26.0
V174W,26.0
V174Y,26.0
V174_,7.0
V175A,26.0
V175C,26.0
V175D,26.0
V175E,26.0
V175F,26.0
V175G,26.0
V175H,26.0
V175I,26.0
V175K,26.0
V175L,26.0
V175M,26.0
V175N,26.0
V175P,26.0
V175Q,26.0
V175R,26.0
V175S,26.0
V175T,26.0
V175W,26.0
V175Y,26.0
V175_,7.0
V203A,26.0
V203C,26.0
V203D,26.0
V203E,26.0
V203F,26.0
V203G,26.0
V203H,26.0
V203I,14.0
V203K,26.0
V203L,26.0
V203M,26.0
V203N,26.0
V203P,26.0
V203Q,26.0
V203R,26.0
V203S,26.0
V203T,26.0
V203W,26.0
V203Y,26.0
V203_,7.0
V213A,26.0
V213C,24.0
V213D,51.0
V213E,45.0
V213F,26.0
V213G,7.0
V213H,7.0
V213I,26.0
V213K,7.0
V213L,24.0
V213M,51.0
V213N,26.0
V213P,7.0
V213Q,7.0
V213R,7.0
V213S,51.0
V213T,26.0
V213W,45.0
V213Y,7.0
V213_,7.0
V22A,51.0
V22C,26.0
V22D,7.0
V22E,42.0
V22F,45.0
V22G,24.0
V22H,45.0
V22I,26.0
V22K,7.0
V22L,27.0
V22M,27.0
V22N,
V22P,7.0
V22Q,42.0
V22R,7.0
V22S,41.0
V22T,26.0
V22W,45.0
V22Y,42.0
V22_,7.0
V233A,14.0
V233C,26.0
V233D,45.0
V233E,51.0
V233F,51.0
V233G,26.0
V233H,45.0
V233I,26.0
V233K,51.0
V233L,51.0
V233M,26.0
V233N,51.0
V233P,7.0
V233Q,26.0
V233R,26.0
V233S,14.0
V233T,26.0
V233W,51.0
V233Y,26.0
V233_,7.0
V25A,26.0
V25C,26.0
V25D,26.0
V25E,49.0
V25F,7.0
V25G,26.0
V25H,26.0
V25I,26.0
V25K,7.0
V25L,7.0
V25M,
V25N,51.0
V25P,45.0
V25Q,7.0
V25R,7.0
V25S,51.0
V25T,26.0
V25W,7.0
V25Y,7.0
V25_,7.0
V280A,51.0
V280C,51.0
V280D,45.0
V280E,26.0
V280F,26.0
V280G,51.0
V280H,51.0
V280I,26.0
V280K,51.0
V280L,26.0
V280M,26.0
V280N,51.0
V280P,7.0
V280Q,51.0
V280R,7.0
V280S,51.0
V280T,26.0
V280W,26.0
V280Y,51.0
V280_,7.0
V282A,45.0
V282C,45.0
V282D,7.0
V282E,7.0
V282F,51.0
V282G,7.0
V282H,45.0
V282I,26.0
V282K,7.0
V282L,26.0
V282M,26.0
V282N,45.0
V282P,51.0
V282Q,51.0
V282R,7.0
V282S,7.0
V282T,51.0
V282W,51.0
V282Y,7.0
V282_,7.0
V284A,26.0
V284C,26.0
V284D,26.0
V284E,26.0
V284F,26.0
V284G,26.0
V284H,51.0
V284I,26.0
V284K,45.0
V284L,26.0
V284M,26.0
V284N,26.0
V284P,7.0
V284Q,26.0
V284R,45.0
V284S,26.0
V284T,26.0
V284W,26.0
V284Y,51.0
V284_,7.0
V287A,26.0
V287C,26.0
V287D,26.0
V287E,26.0
V287F,26.0
V287G,26.0
V287H,26.0
V287I,26.0
V287K,26.0
V287L,26.0
V287M,26.0
V287N,26.0
V287P,45.0
V287Q,26.0
V287R,26.0
V287S,26.0
V287T,26.0
V287W,26.0
V287Y,26.0
V287_,7.0
V28A,26.0
V28C,26.0
V28D,26.0
V28E,26.0
V28F,26.0
V28G,26.0
V28H,45.0
V28I,26.0
V28K,26.0
V28L,
V28M,24.0
V28N,26.0
V28P,26.0
V28Q,26.0
V28R,26.0
V28S,26.0
V28T,26.0
V28W,26.0
V28Y,51.0
V28_,7.0
V297A,26.0
V297C,26.0
V297D,51.0
V297E,26.0
V297F,24.0
V297G,26.0
V297H,26.0
V297I,26.0
V297K,51.0
V297L,26.0
V297M,26.0
V297N,26.0
V297P,51.0
V297Q,26.0
V297R,51.0
V297S,26.0
V297T,26.0
V297W,26.0
V297Y,26.0
V297_,7.0
V301A,7.0
V301C,7.0
V301D,33.0
V301E,7.0
V301F,51.0
V301G,7.0
V301H,15.0
V301I,26.0
V301K,7.0
V301L,7.0
V301M,7.0
V301N,7.0
V301P,7.0
V301Q,7.0
V301R,7.0
V301S,7.0
V301T,45.0
V301W,45.0
V301Y,51.0
V301_,
V302A,45.0
V302C,26.0
V302D,7.0
V302E,7.0
V302F,7.0
V302G,7.0
V302H,7.0
V302I,45.0
V302K,7.0
V302L,45.0
V302M,7.0
V302N,7.0
V302P,7.0
V302Q,7.0
V302R,7.0
V302S,7.0
V302T,51.0
V302W,7.0
V302Y,7.0
V302_,
V353A,26.0
V353C,26.0
V353D,26.0
V353E,26.0
V353F,26.0
V353G,51.0
V353H,26.0
V353I,26.0
V353K,26.0
V353L,26.0
V353M,24.0
V353N,26.0
V353P,45.0
V353R,26.0
V353S,26.0
V353T,26.0
V353W,26.0
V353Y,26.0
V353_,7.0
V365A,26.0
V365C,26.0
V365D,45.0
V365E,45.0
V365F,26.0
V365G,26.0
V365H,26.0
V365I,45.0
V365K,7.0
V365L,51.0
V365M,26.0
V365N,51.0
V365P,51.0
V365Q,51.0
V365R,7.0
V365S,26.0
V365T,26.0
V365W,27.0
V365Y,51.0
V365_,7.0
V370A,26.0
V370C,26.0
V370D,7.0
V370E,45.0
V370F,26.0
V370G,26.0
V370H,45.0
V370I,26.0
V370K,45.0
V370L,24.0
V370M,26.0
V370N,26.0
V370P,51.0
V370Q,26.0
V370R,7.0
V370S,26.0
V370T,26.0
V370W,26.0
V370Y,26.0
V370_,7.0
V371A,26.0
V371C,26.0
V371D,45.0
V371E,26.0
V371F,26.0
V371G,26.0
V371H,51.0
V371I,26.0
V371K,51.0
V371L,26.0
V371M,26.0
V371N,26.0
V371P,26.0
V371Q,26.0
V371R,45.0
V371S,26.0
V371T,26.0
V371W,26.0
V371Y,26.0
V371_,7.0
V373A,51.0
V373C,26.0
V373D,
V373E,7.0
V373F,7.0
V373G,45.0
V373H,7.0
V373I,24.0
V373K,7.0
V373L,26.0
V373M,51.0
V373N,7.0
V373P,7.0
V373Q,7.0
V373R,7.0
V373S,51.0
V373T,26.0
V373W,7.0
V373Y,43.0
V373_,7.0
V44A,26.0
V44C,26.0
V44D,7.0
V44E,45.0
V44F,27.0
V44G,46.0
V44H,45.0
V44I,27.0
V44K,7.0
V44L,27.0
V44M,26.0
V44N,7.0
V44P,7.0
V44Q,46.0
V44R,7.0
V44T,26.0
V44W,7.0
V44Y,51.0
V44_,7.0
V7A,24.0
V7C,26.0
V7D,26.0
V7E,26.0
V7F,
V7G,26.0
V7H,26.0
V7I,26.0
V7K,11.0
V7L,7.0
V7M,26.0
V7N,26.0
V7P,26.0
V7Q,26.0
V7R,12.0
V7S,24.0
V7T,51.0
V7W,26.0
V7Y,
V7_,7.0
V80A,26.0
V80C,26.0
V80D,7.0
V80E,51.0
V80F,26.0
V80G,26.0
V80H,45.0
V80I,26.0
V80K,7.0
V80L,26.0
V80M,26.0
V80N,45.0
V80P,7.0
V80Q,51.0
V80R,7.0
V80S,51.0
V80T,26.0
V80W,26.0
V80Y,45.0
V80_,7.0
V87A,26.0
V87C,26.0
V87D,26.0
V87E,26.0
V87F,26.0
V87G,26.0
V87H,26.0
V87I,14.0
V87K,26.0
V87L,26.0
V87M,26.0
V87N,26.0
V87P,45.0
V87Q,26.0
V87R,26.0
V87S,26.0
V87T,26.0
V87W,26.0
V87Y,26.0
V87_,7.0
V93A,26.0
V93C,26.0
V93D,26.0
V93E,26.0
V93F,26.0
V93G,26.0
V93H,26.0
V93I,26.0
V93K,
V93L,26.0
V93M,26.0
V93N,26.0
V93P,51.0
V93Q,51.0
V93R,7.0
V93S,26.0
V93T,26.0
V93W,26.0
V93Y,26.0
V93_,7.0
V99A,26.0
V99C,26.0
V99D,
V99E,51.0
V99F,26.0
V99G,26.0
V99H,51.0
V99I,26.0
V99K,7.0
V99L,26.0
V99M,26.0
V99N,45.0
V99P,2.0
V99Q,51.0
V99R,7.0
V99S,26.0
V99T,26.0
V99W,26.0
V99Y,26.0
V99_,7.0
W201A,26.0
W201C,26.0
W201D,7.0
W201E,45.0
W201F,26.0
W201G,51.0
W201H,26.0
W201I,26.0
W201K,26.0
W201L,26.0
W201M,26.0
W201N,26.0
W201P,24.0
W201Q,45.0
W201R,26.0
W201S,24.0
W201T,26.0
W201V,26.0
W201Y,26.0
W201_,7.0
W274A,26.0
W274C,26.0
W274D,51.0
W274E,45.0
W274F,24.0
W274G,26.0
W274H,24.0
W274I,26.0
W274K,7.0
W274L,14.0
W274M,26.0
W274N,26.0
W274P,7.0
W274Q,45.0
W274R,7.0
W274S,26.0
W274T,26.0
W274V,26.0
W274Y,26.0
W274_,7.0
W293A,26.0
W293C,26.0
W293D,26.0
W293E,14.0
W293F,51.0
W293G,26.0
W293H,26.0
W293I,26.0
W293K,26.0
W293L,26.0
W293M,26.0
W293N,26.0
W293P,51.0
W293Q,26.0
W293R,26.0
W293S,26.0
W293T,26.0
W293V,26.0
W293Y,26.0
W293_,7.0
WT,26.0
Y131A,51.0
Y131C,26.0
Y131D,45.0
Y131E,51.0
Y131F,26.0
Y131G,45.0
Y131H,26.0
Y131I,26.0
Y131K,26.0
Y131L,26.0
Y131M,26.0
Y131N,26.0
Y131P,7.0
Y131Q,26.0
Y131R,26.0
Y131S,51.0
Y131T,26.0
Y131V,26.0
Y131W,26.0
Y131_,7.0
Y160A,26.0
Y160C,26.0
Y160D,51.0
Y160E,26.0
Y160F,26.0
Y160G,26.0
Y160H,24.0
Y160I,26.0
Y160L,26.0
Y160M,26.0
Y160N,26.0
Y160P,45.0
Y160Q,26.0
Y160R,26.0
Y160S,26.0
Y160T,26.0
Y160V,26.0
Y160W,26.0
Y160_,7.0
Y225A,44.0
Y225C,7.0
Y225E,43.0
Y225F,26.0
Y225G,7.0
Y225H,45.0
Y225I,7.0
Y225K,7.0
Y225L,7.0
Y225M,7.0
Y225N,7.0
Y225P,7.0
Y225Q,7.0
Y225R,7.0
Y225S,7.0
Y225T,7.0
Y225V,
Y225W,26.0
Y225_,7.0
Y228A,7.0
Y228C,7.0
Y228D,7.0
Y228E,7.0
Y228F,26.0
Y228G,43.0
Y228H,45.0
Y228I,45.0
Y228K,7.0
Y228L,45.0
Y228M,51.0
Y228N,7.0
Y228P,7.0
Y228Q,
Y228R,7.0
Y228S,7.0
Y228T,7.0
Y228V,45.0
Y228W,26.0
Y228_,7.0
Y231A,26.0
Y231C,24.0
Y231D,26.0
Y231E,26.0
Y231F,26.0
Y231G,24.0
Y231H,26.0
Y231I,26.0
Y231K,24.0
Y231L,26.0
Y231M,26.0
Y231N,26.0
Y231P,7.0
Y231Q,26.0
Y231R,26.0
Y231S,26.0
Y231T,26.0
Y231V,26.0
Y231W,26.0
Y231_,7.0
Y235A,51.0
Y235C,45.0
Y235D,7.0
Y235E,7.0
Y235F,26.0
Y235G,45.0
Y235H,51.0
Y235I,7.0
Y235K,
Y235L,45.0
Y235M,26.0
Y235N,45.0
Y235P,7.0
Y235Q,7.0
Y235R,7.0
Y235S,45.0
Y235T,45.0
Y235V,7.0
Y235W,26.0
Y235_,7.0
Y257A,24.0
Y257C,26.0
Y257D,7.0
Y257E,51.0
Y257F,26.0
Y257G,26.0
Y257H,26.0
Y257I,26.0
Y257K,26.0
Y257L,26.0
Y257M,26.0
Y257N,26.0
Y257P,45.0
Y257Q,26.0
Y257R,26.0
Y257S,26.0
Y257T,26.0
Y257V,26.0
Y257W,26.0
Y257_,7.0
Y265A,24.0
Y265C,26.0
Y265D,26.0
Y265E,24.0
Y265F,26.0
Y265G,26.0
Y265H,26.0
Y265I,26.0
Y265K,24.0
Y265L,26.0
Y265M,24.0
Y265N,26.0
Y265P,24.0
Y265Q,26.0
Y265R,24.0
Y265S,24.0
Y265T,24.0
Y265V,26.0
Y265W,7.0
Y265_,7.0
Y278A,7.0
Y278C,7.0
Y278D,7.0
Y278E,7.0
Y278F,7.0
Y278G,43.0
Y278H,7.0
Y278I,7.0
Y278K,7.0
Y278L,7.0
Y278M,7.0
Y278N,7.0
Y278P,7.0
Y278Q,7.0
Y278R,7.0
Y278S,7.0
Y278T,7.0
Y278V,7.0
Y278W,45.0
Y278_,7.0
Y292A,51.0
Y292C,43.0
Y292D,45.0
Y292E,51.0
Y292F,26.0
Y292G,51.0
Y292H,26.0
Y292I,7.0
Y292K,26.0
Y292L,7.0
Y292M,7.0
Y292N,26.0
Y292P,26.0
Y292Q,26.0
Y292R,14.0
Y292S,51.0
Y292T,51.0
Y292V,43.0
Y292W,26.0
Y292_,7.0
Y29A,26.0
Y29C,26.0
Y29D,7.0
Y29E,45.0
Y29F,26.0
Y29G,45.0
Y29H,26.0
Y29I,27.0
Y29K,26.0
Y29L,45.0
Y29M,26.0
Y29N,26.0
Y29P,7.0
Y29Q,26.0
Y29R,26.0
Y29S,26.0
Y29T,24.0
Y29W,26.0
Y29_,
Y316A,45.0
Y316C,51.0
Y316D,7.0
Y316E,45.0
Y316F,26.0
Y316G,7.0
Y316H,26.0
Y316I,51.0
Y316K,7.0
Y316L,26.0
Y316M,26.0
Y316N,51.0
Y316P,7.0
Y316Q,45.0
Y316R,7.0
Y316S,45.0
Y316T,51.0
Y316V,26.0
Y316W,26.0
Y316_,7.0
Y360A,51.0
Y360C,26.0
Y360D,43.0
Y360E,26.0
Y360F,26.0
Y360G,51.0
Y360H,51.0
Y360I,26.0
Y360K,45.0
Y360L,26.0
Y360M,26.0
Y360N,45.0
Y360P,7.0
Y360Q,51.0
Y360R,7.0
Y360S,45.0
Y360T,51.0
Y360V,26.0
Y360W,26.0
Y360_,7.0
Y9A,26.0
Y9C,51.0
Y9D,26.0
Y9E,51.0
Y9F,26.0
Y9G,26.0
Y9H,26.0
Y9I,51.0
Y9K,43.0
Y9L,33.0
Y9M,24.0
Y9N,26.0
Y9P,26.0
Y9Q,26.0
Y9R,51.0
Y9S,26.0
Y9T,26.0
Y9V,26.0
Y9W,26.0
Y9_,7.0
I5A,
F10G,
F16P,
G18F,
Y29V,
V44S,
I54W,
P56G,
P56H,
L61F,
R98S,
A126K,
N128W,
G145R,
A151G,
Y160K,
K190Y,
Y225D,
F266_,
I309M,
I309W,
S318R,
G326K,
A328H,
N340S,
P344Q,
L350C,
V353Q,
I375R,
K377Y,
