mut,counts
A105C,94.0
A105D,123.0
A105E,658.0
A105F,16.0
A105G,436.0
A105H,409.0
A105I,18.0
A105K,14.0
A105L,21.0
A105M,135.0
A105N,1043.0
A105P,16.0
A105Q,84.0
A105R,34.0
A105S,400.0
A105T,53.0
A105V,24.0
A105W,17.0
A105Y,31.0
A105_,14.0
A117C,72.0
A117D,28.0
A117E,55.0
A117F,16.0
A117G,933.0
A117H,25.0
A117I,16.0
A117K,24.0
A117L,16.0
A117M,15.0
A117N,38.0
A117P,24.0
A117Q,32.0
A117R,14.0
A117S,201.0
A117T,38.0
A117V,192.0
A117W,20.0
A117Y,1795.0
A117_,72.0
A126C,733.0
A126D,18.0
A126E,13.0
A126F,54.0
A126G,88.0
A126H,119.0
A126I,663.0
A126L,768.0
A126M,390.0
A126N,11.0
A126P,563.0
A126Q,306.0
A126R,887.0
A126S,580.0
A126T,795.0
A126V,149.0
A126W,14.0
A126Y,45.0
A126_,22.0
A134C,23.0
A134D,18.0
A134E,33.0
A134F,13.0
A134G,86.0
A134H,10.0
A134I,16.0
A134K,13.0
A134L,19.0
A134M,18.0
A134N,50.0
A134P,37.0
A134Q,17.0
A134R,16.0
A134S,204.0
A134T,9.0
A134V,163.0
A134W,45.0
A134Y,19.0
A134_,23.0
A151C,618.0
A151D,483.0
A151E,333.0
A151F,275.0
A151H,316.0
A151I,341.0
A151K,29.0
A151L,19.0
A151M,10.0
A151N,719.0
A151P,182.0
A151Q,423.0
A151R,10.0
A151S,872.0
A151T,947.0
A151V,602.0
A151W,128.0
A151Y,116.0
A151_,8.0
A162C,203.0
A162D,33.0
A162E,938.0
A162F,22.0
A162G,456.0
A162H,288.0
A162I,34.0
A162K,1150.0
A162L,38.0
A162M,36.0
A162N,46.0
A162P,285.0
A162Q,566.0
A162R,59.0
A162S,799.0
A162T,95.0
A162V,14.0
A162W,24.0
A162Y,70.0
A162_,21.0
A164C,1664.0
A164D,992.0
A164E,439.0
A164F,1226.0
A164G,1388.0
A164H,1091.0
A164I,2088.0
A164K,1198.0
A164L,1098.0
A164M,2643.0
A164N,1317.0
A164P,839.0
A164Q,1293.0
A164R,33.0
A164S,939.0
A164T,1261.0
A164V,1090.0
A164W,1113.0
A164Y,969.0
A164_,19.0
A169C,683.0
A169D,361.0
A169E,1040.0
A169F,122.0
A169G,805.0
A169H,503.0
A169I,659.0
A169K,17.0
A169L,18.0
A169M,14.0
A169N,991.0
A169P,927.0
A169Q,103.0
A169R,22.0
A169S,1402.0
A169T,883.0
A169V,1187.0
A169W,16.0
A169Y,55.0
A169_,28.0
A208C,1938.0
A208D,20.0
A208E,10.0
A208F,58.0
A208G,1714.0
A208H,15.0
A208I,1091.0
A208K,14.0
A208L,934.0
A208M,1175.0
A208N,24.0
A208P,70.0
A208Q,40.0
A208R,22.0
A208S,1529.0
A208T,1281.0
A208V,1960.0
A208W,45.0
A208Y,13.0
A208_,29.0
A215C,924.0
A215D,145.0
A215E,989.0
A215F,244.0
A215G,754.0
A215H,1303.0
A215I,342.0
A215K,36.0
A215L,23.0
A215M,1323.0
A215N,1514.0
A215P,41.0
A215Q,1483.0
A215R,39.0
A215S,2063.0
A215T,1943.0
A215V,10628.0
A215W,42.0
A215Y,129.0
A215_,25.0
A220C,320.0
A220D,13.0
A220E,5.0
A220F,35.0
A220G,534.0
A220H,35.0
A220I,25.0
A220K,31.0
A220L,42.0
A220M,20.0
A220N,14.0
A220P,80.0
A220Q,348.0
A220R,29.0
A220S,1327.0
A220T,103.0
A220V,56.0
A220W,89.0
A220Y,35.0
A220_,12.0
A243C,3174.0
A243D,64.0
A243E,41.0
A243F,76.0
A243G,107.0
A243H,45.0
A243I,106.0
A243K,43.0
A243L,71.0
A243M,377.0
A243N,70.0
A243P,43.0
A243Q,22.0
A243R,33.0
A243S,1407.0
A243T,927.0
A243V,335.0
A243W,33.0
A243Y,19.0
A243_,35.0
A252C,2389.0
A252D,27.0
A252E,29.0
A252F,2265.0
A252G,1969.0
A252H,36.0
A252I,360.0
A252K,36.0
A252L,1359.0
A252M,604.0
A252N,17.0
A252P,19.0
A252Q,55.0
A252R,20.0
A252S,1693.0
A252T,384.0
A252V,518.0
A252W,49.0
A252Y,52.0
A252_,35.0
A273C,2976.0
A273D,22.0
A273E,238.0
A273F,3049.0
A273G,1805.0
A273H,1258.0
A273I,1591.0
A273K,3066.0
A273L,3005.0
A273M,2487.0
A273N,1898.0
A273P,32.0
A273Q,3880.0
A273R,2345.0
A273S,1643.0
A273T,1648.0
A273V,2418.0
A273W,1560.0
A273Y,1296.0
A273_,25.0
A289C,2580.0
A289D,115.0
A289E,575.0
A289F,2439.0
A289G,1123.0
A289H,1103.0
A289I,444.0
A289K,177.0
A289L,610.0
A289M,2982.0
A289N,2496.0
A289P,29.0
A289Q,1082.0
A289R,35.0
A289S,1163.0
A289T,1017.0
A289V,1581.0
A289W,715.0
A289Y,1116.0
A289_,14.0
A312C,1309.0
A312D,43.0
A312E,74.0
A312F,104.0
A312G,3749.0
A312H,44.0
A312I,873.0
A312K,73.0
A312L,3725.0
A312M,1722.0
A312N,567.0
A312P,59.0
A312Q,1095.0
A312R,23.0
A312S,2468.0
A312T,2373.0
A312V,1503.0
A312W,211.0
A312Y,39.0
A312_,38.0
A321C,1863.0
A321D,51.0
A321E,33.0
A321F,36.0
A321G,3005.0
A321H,28.0
A321I,21.0
A321K,34.0
A321L,47.0
A321M,118.0
A321N,28.0
A321P,14.0
A321Q,104.0
A321R,50.0
A321S,2194.0
A321T,183.0
A321V,429.0
A321W,161.0
A321Y,49.0
A321_,48.0
A328C,78.0
A328D,94.0
A328E,30.0
A328F,44.0
A328G,1347.0
A328I,0.0
A328K,16.0
A328L,45.0
A328M,54.0
A328N,21.0
A328P,33.0
A328Q,40.0
A328R,43.0
A328S,810.0
A328T,361.0
A328V,728.0
A328W,98.0
A328Y,46.0
A328_,36.0
A347C,1875.0
A347D,37.0
A347E,313.0
A347F,361.0
A347G,3720.0
A347H,29.0
A347I,965.0
A347K,38.0
A347L,317.0
A347M,771.0
A347N,263.0
A347P,60.0
A347Q,39.0
A347R,44.0
A347S,1053.0
A347T,190.0
A347V,146.0
A347W,69.0
A347Y,87.0
A347_,23.0
A349C,2913.0
A349D,1871.0
A349E,2043.0
A349F,1671.0
A349G,2739.0
A349H,1976.0
A349I,1075.0
A349K,1699.0
A349L,1609.0
A349M,1839.0
A349N,1582.0
A349P,735.0
A349Q,3158.0
A349R,2917.0
A349S,1727.0
A349T,1268.0
A349V,1794.0
A349W,2032.0
A349Y,1923.0
A349_,48.0
A357C,3275.0
A357D,1130.0
A357E,189.0
A357F,1559.0
A357G,1642.0
A357H,82.0
A357I,2892.0
A357K,24.0
A357L,1467.0
A357M,754.0
A357N,186.0
A357P,39.0
A357Q,203.0
A357R,48.0
A357S,2540.0
A357T,2147.0
A357V,1575.0
A357W,1960.0
A357Y,726.0
A357_,37.0
A362C,545.0
A362D,39.0
A362E,44.0
A362F,18.0
A362G,1122.0
A362H,91.0
A362I,43.0
A362K,40.0
A362L,68.0
A362M,17.0
A362N,30.0
A362P,102.0
A362Q,70.0
A362R,80.0
A362S,102.0
A362T,168.0
A362V,31.0
A362W,26.0
A362Y,12.0
A362_,27.0
A368C,3309.0
A368D,37.0
A368E,186.0
A368F,1389.0
A368G,1123.0
A368H,540.0
A368I,1876.0
A368K,246.0
A368L,3758.0
A368M,1989.0
A368N,1569.0
A368P,574.0
A368Q,10563.0
A368R,47.0
A368S,1913.0
A368T,2710.0
A368V,2088.0
A368W,1496.0
A368Y,129.0
A368_,64.0
A381C,2111.0
A381D,1275.0
A381E,2447.0
A381F,2491.0
A381G,2151.0
A381H,1154.0
A381I,1320.0
A381K,808.0
A381L,2328.0
A381M,2210.0
A381N,2735.0
A381P,4546.0
A381Q,1980.0
A381R,2412.0
A381S,1967.0
A381T,3469.0
A381V,2002.0
A381W,1284.0
A381Y,1599.0
A381_,3019.0
A45C,824.0
A45D,19.0
A45E,7.0
A45F,185.0
A45G,139.0
A45H,67.0
A45I,43.0
A45K,34.0
A45L,14.0
A45M,1121.0
A45N,18.0
A45P,33.0
A45Q,75.0
A45R,17.0
A45S,1651.0
A45T,206.0
A45V,37.0
A45W,32.0
A45Y,40.0
A45_,18.0
A46C,2027.0
A46D,723.0
A46E,633.0
A46F,959.0
A46G,1566.0
A46H,1450.0
A46I,1221.0
A46K,21.0
A46L,467.0
A46M,874.0
A46N,620.0
A46P,71.0
A46Q,1248.0
A46R,49.0
A46S,2020.0
A46T,256.0
A46V,809.0
A46W,2671.0
A46Y,1144.0
A46_,10.0
A48C,20.0
A48D,2.0
A48E,277.0
A48F,13.0
A48G,1105.0
A48H,1717.0
A48I,38.0
A48K,30.0
A48L,6.0
A48M,24.0
A48N,38.0
A48P,34.0
A48Q,17.0
A48R,10.0
A48S,1280.0
A48T,21.0
A48V,24.0
A48W,30.0
A48Y,40.0
A48_,29.0
A62C,693.0
A62D,23.0
A62E,23.0
A62F,6.0
A62G,2571.0
A62H,22.0
A62I,21.0
A62K,31.0
A62L,3.0
A62M,1.0
A62N,38.0
A62P,43.0
A62Q,22.0
A62R,14.0
A62S,1369.0
A62T,2.0
A62V,39.0
A62W,13.0
A62Y,20.0
A62_,24.0
A86C,958.0
A86D,22.0
A86E,149.0
A86F,1182.0
A86G,1045.0
A86H,434.0
A86I,595.0
A86K,65.0
A86L,123.0
A86M,134.0
A86N,213.0
A86P,371.0
A86Q,288.0
A86R,23.0
A86S,454.0
A86T,735.0
A86V,450.0
A86W,567.0
A86Y,999.0
A86_,26.0
C72A,1753.0
C72D,877.0
C72E,820.0
C72F,298.0
C72G,1839.0
C72H,3343.0
C72I,1197.0
C72K,78.0
C72L,967.0
C72M,1582.0
C72N,1296.0
C72P,593.0
C72Q,1015.0
C72R,847.0
C72S,945.0
C72T,649.0
C72V,1407.0
C72W,1216.0
C72Y,1193.0
C72_,90.0
D118A,508.0
D118C,968.0
D118E,1104.0
D118F,281.0
D118G,610.0
D118H,569.0
D118I,602.0
D118K,434.0
D118L,821.0
D118M,447.0
D118N,619.0
D118P,19.0
D118Q,666.0
D118R,303.0
D118S,429.0
D118T,545.0
D118V,421.0
D118W,231.0
D118Y,216.0
D118_,17.0
D179A,569.0
D179C,566.0
D179E,817.0
D179F,930.0
D179G,740.0
D179H,1267.0
D179I,821.0
D179K,1265.0
D179L,1439.0
D179M,690.0
D179N,2011.0
D179P,1291.0
D179Q,1979.0
D179R,1227.0
D179S,1883.0
D179T,1596.0
D179V,1573.0
D179W,1334.0
D179Y,1339.0
D179_,16.0
D239A,1672.0
D239C,264.0
D239E,1461.0
D239F,123.0
D239G,661.0
D239H,861.0
D239I,138.0
D239K,89.0
D239L,212.0
D239M,926.0
D239N,372.0
D239P,563.0
D239Q,1234.0
D239R,24.0
D239S,1629.0
D239T,599.0
D239V,239.0
D239W,22.0
D239Y,29.0
D239_,62.0
D260A,2380.0
D260C,2748.0
D260E,2324.0
D260F,1284.0
D260G,1773.0
D260H,2045.0
D260I,1570.0
D260K,301.0
D260L,1076.0
D260M,2723.0
D260N,1460.0
D260P,2154.0
D260Q,1857.0
D260R,341.0
D260S,2840.0
D260T,1103.0
D260V,1504.0
D260W,2117.0
D260Y,2216.0
D260_,57.0
D290A,1379.0
D290C,1576.0
D290E,578.0
D290F,1072.0
D290G,1868.0
D290H,2497.0
D290I,820.0
D290K,2291.0
D290L,372.0
D290M,4898.0
D290N,2049.0
D290P,1269.0
D290Q,2512.0
D290R,1525.0
D290S,1680.0
D290T,2444.0
D290V,2368.0
D290W,1545.0
D290Y,2217.0
D290_,31.0
D307A,18.0
D307C,18.0
D307E,17.0
D307F,41.0
D307G,31.0
D307H,43.0
D307I,148.0
D307K,45.0
D307L,39.0
D307M,28.0
D307N,50.0
D307P,52.0
D307Q,24.0
D307R,39.0
D307S,20.0
D307T,33.0
D307V,92.0
D307W,60.0
D307Y,37.0
D307_,33.0
D323A,1960.0
D323C,2123.0
D323E,344.0
D323F,625.0
D323G,1394.0
D323H,2846.0
D323I,713.0
D323K,7166.0
D323L,2449.0
D323M,1513.0
D323N,3161.0
D323P,1982.0
D323Q,5113.0
D323R,1226.0
D323S,1821.0
D323T,1432.0
D323V,4385.0
D323W,1060.0
D323Y,524.0
D323_,51.0
D32A,1046.0
D32C,886.0
D32E,189.0
D32F,495.0
D32G,1970.0
D32H,1095.0
D32I,85.0
D32K,964.0
D32L,43.0
D32M,62.0
D32N,1006.0
D32P,23.0
D32Q,706.0
D32R,607.0
D32S,609.0
D32T,406.0
D32V,237.0
D32W,59.0
D32Y,609.0
D32_,30.0
D352A,49.0
D352C,59.0
D352E,1999.0
D352F,39.0
D352G,276.0
D352H,45.0
D352I,39.0
D352K,61.0
D352L,33.0
D352M,41.0
D352N,442.0
D352P,28.0
D352Q,285.0
D352R,72.0
D352S,85.0
D352T,915.0
D352V,37.0
D352W,51.0
D352Y,56.0
D352_,62.0
D39A,36.0
D39C,13.0
D39E,20.0
D39F,10.0
D39G,324.0
D39H,114.0
D39I,37.0
D39K,12.0
D39L,28.0
D39M,17.0
D39N,202.0
D39P,10.0
D39Q,25.0
D39R,44.0
D39S,269.0
D39T,25.0
D39V,16.0
D39W,28.0
D39Y,12.0
D39_,14.0
D63A,45.0
D63C,39.0
D63E,20.0
D63F,73.0
D63G,39.0
D63H,28.0
D63I,53.0
D63K,31.0
D63L,46.0
D63M,33.0
D63N,17.0
D63P,27.0
D63Q,21.0
D63R,48.0
D63S,17.0
D63T,34.0
D63V,6.0
D63W,23.0
D63Y,14.0
D63_,58.0
E152A,1115.0
E152C,394.0
E152D,1211.0
E152F,1041.0
E152G,890.0
E152H,760.0
E152I,435.0
E152K,577.0
E152L,256.0
E152M,191.0
E152N,577.0
E152P,600.0
E152Q,849.0
E152R,814.0
E152S,922.0
E152T,1363.0
E152V,485.0
E152W,381.0
E152Y,497.0
E152_,66.0
E192A,617.0
E192C,536.0
E192D,2217.0
E192F,70.0
E192G,657.0
E192H,753.0
E192I,57.0
E192K,124.0
E192L,82.0
E192M,239.0
E192N,1630.0
E192P,1942.0
E192Q,1536.0
E192R,933.0
E192S,405.0
E192T,1226.0
E192V,143.0
E192W,36.0
E192Y,479.0
E192_,30.0
E222A,22.0
E222C,33.0
E222D,20.0
E222F,37.0
E222G,39.0
E222H,49.0
E222I,26.0
E222K,31.0
E222L,22.0
E222M,19.0
E222N,26.0
E222P,47.0
E222Q,40.0
E222R,21.0
E222S,22.0
E222T,26.0
E222V,25.0
E222W,31.0
E222Y,154.0
E222_,21.0
E268A,1048.0
E268C,1196.0
E268D,1462.0
E268F,1615.0
E268G,698.0
E268H,876.0
E268I,1962.0
E268K,71.0
E268L,769.0
E268M,1506.0
E268N,1633.0
E268P,1298.0
E268Q,1106.0
E268R,71.0
E268S,1250.0
E268T,1590.0
E268V,1583.0
E268W,967.0
E268Y,531.0
E268_,39.0
E356A,1225.0
E356C,815.0
E356D,1715.0
E356F,50.0
E356G,1867.0
E356H,1007.0
E356I,130.0
E356K,1287.0
E356L,52.0
E356M,989.0
E356N,1288.0
E356P,1197.0
E356Q,1833.0
E356R,1468.0
E356S,2003.0
E356T,1266.0
E356V,579.0
E356W,114.0
E356Y,70.0
E356_,31.0
E376A,2598.0
E376C,1787.0
E376D,3698.0
E376F,97.0
E376G,1393.0
E376H,1609.0
E376I,1505.0
E376K,1670.0
E376L,1581.0
E376M,3579.0
E376N,2119.0
E376P,830.0
E376Q,2048.0
E376R,964.0
E376S,1226.0
E376T,1814.0
E376V,910.0
E376W,199.0
E376Y,1427.0
E376_,123.0
E385A,2197.0
E385C,1373.0
E385D,2832.0
E385F,2872.0
E385G,2095.0
E385H,3941.0
E385I,4124.0
E385K,1730.0
E385L,2063.0
E385M,840.0
E385N,2575.0
E385P,3092.0
E385Q,2602.0
E385R,2402.0
E385S,1995.0
E385T,1523.0
E385V,1995.0
E385W,1778.0
E385Y,1812.0
E385_,2084.0
E82A,2404.0
E82C,1027.0
E82D,648.0
E82F,1024.0
E82G,896.0
E82H,903.0
E82I,544.0
E82K,5.0
E82L,1203.0
E82M,1102.0
E82N,1384.0
E82P,2752.0
E82Q,1986.0
E82R,32.0
E82S,878.0
E82T,417.0
E82V,746.0
E82W,1077.0
E82Y,1387.0
E82_,22.0
F10A,929.0
F10C,881.0
F10D,527.0
F10E,15.0
F10H,16.0
F10I,823.0
F10K,414.0
F10L,157.0
F10M,328.0
F10N,897.0
F10P,1066.0
F10Q,28.0
F10R,30.0
F10S,921.0
F10T,390.0
F10V,1506.0
F10W,2236.0
F10Y,1698.0
F10_,56.0
F129A,14.0
F129C,21.0
F129D,24.0
F129E,24.0
F129G,13.0
F129H,24.0
F129I,34.0
F129K,23.0
F129L,25.0
F129M,15.0
F129N,26.0
F129P,40.0
F129Q,6.0
F129R,30.0
F129S,9.0
F129T,18.0
F129V,12.0
F129W,51.0
F129Y,324.0
F129_,14.0
F13A,839.0
F13C,126.0
F13D,24.0
F13E,24.0
F13G,832.0
F13H,859.0
F13I,46.0
F13K,29.0
F13L,85.0
F13M,250.0
F13N,17.0
F13P,25.0
F13Q,556.0
F13R,42.0
F13S,562.0
F13T,5.0
F13V,25.0
F13W,419.0
F13Y,325.0
F13_,9.0
F140A,21.0
F140C,13.0
F140D,18.0
F140E,52.0
F140G,31.0
F140H,16.0
F140I,14.0
F140K,23.0
F140L,17.0
F140M,31.0
F140N,22.0
F140P,13.0
F140Q,9.0
F140R,11.0
F140S,23.0
F140T,24.0
F140V,22.0
F140W,33.0
F140Y,12.0
F140_,36.0
F149A,1134.0
F149C,1136.0
F149D,196.0
F149E,142.0
F149G,946.0
F149H,459.0
F149I,443.0
F149K,53.0
F149L,1100.0
F149M,955.0
F149N,471.0
F149P,89.0
F149Q,648.0
F149R,418.0
F149S,1278.0
F149T,398.0
F149V,962.0
F149W,1634.0
F149Y,669.0
F149_,6.0
F159A,45.0
F159C,341.0
F159D,27.0
F159E,15.0
F159G,512.0
F159H,355.0
F159I,368.0
F159K,17.0
F159L,1368.0
F159M,1704.0
F159N,42.0
F159P,185.0
F159Q,10.0
F159R,39.0
F159S,367.0
F159T,50.0
F159V,1396.0
F159W,396.0
F159Y,857.0
F159_,35.0
F161A,1018.0
F161C,1386.0
F161D,947.0
F161E,1325.0
F161G,732.0
F161H,1106.0
F161I,1380.0
F161K,550.0
F161L,1304.0
F161M,1027.0
F161N,1661.0
F161P,620.0
F161Q,453.0
F161R,52.0
F161S,1161.0
F161T,1579.0
F161V,1676.0
F161W,1328.0
F161Y,1224.0
F161_,55.0
F16A,163.0
F16C,4.0
F16D,49.0
F16E,14.0
F16G,36.0
F16H,226.0
F16I,18.0
F16K,24.0
F16L,35.0
F16M,15.0
F16N,54.0
F16Q,6.0
F16R,31.0
F16S,82.0
F16T,5.0
F16V,28.0
F16W,1026.0
F16Y,1945.0
F16_,13.0
F170A,1878.0
F170C,1525.0
F170D,372.0
F170E,526.0
F170G,908.0
F170H,1534.0
F170I,262.0
F170K,305.0
F170L,868.0
F170M,1423.0
F170N,1136.0
F170P,1677.0
F170Q,1019.0
F170R,25.0
F170S,962.0
F170T,1249.0
F170V,1320.0
F170W,1311.0
F170Y,1483.0
F170_,22.0
F188A,1723.0
F188C,4212.0
F188D,1332.0
F188E,612.0
F188G,1479.0
F188H,1800.0
F188I,1369.0
F188K,1158.0
F188L,5091.0
F188M,10422.0
F188N,737.0
F188P,1918.0
F188Q,1570.0
F188R,961.0
F188S,2077.0
F188T,1961.0
F188V,1378.0
F188W,1251.0
F188Y,1243.0
F188_,82.0
F204A,89.0
F204C,197.0
F204D,14.0
F204E,24.0
F204G,118.0
F204H,7.0
F204I,341.0
F204K,21.0
F204L,1066.0
F204M,327.0
F204N,10.0
F204P,60.0
F204Q,57.0
F204R,7.0
F204S,31.0
F204T,67.0
F204V,242.0
F204W,1812.0
F204Y,764.0
F204_,37.0
F216A,1295.0
F216C,1930.0
F216D,49.0
F216E,9.0
F216G,844.0
F216H,119.0
F216I,1737.0
F216K,242.0
F216L,1361.0
F216M,1300.0
F216N,771.0
F216P,228.0
F216Q,1067.0
F216R,22.0
F216S,997.0
F216T,1658.0
F216V,1755.0
F216W,31.0
F216Y,112.0
F216_,37.0
F221A,120.0
F221C,338.0
F221D,23.0
F221E,28.0
F221G,56.0
F221H,231.0
F221I,585.0
F221K,45.0
F221L,577.0
F221M,1152.0
F221N,12.0
F221P,40.0
F221Q,57.0
F221R,39.0
F221S,17.0
F221T,64.0
F221V,334.0
F221W,53.0
F221Y,79.0
F221_,31.0
F250A,1920.0
F250C,819.0
F250D,28.0
F250E,74.0
F250G,813.0
F250H,278.0
F250I,1319.0
F250K,42.0
F250L,1259.0
F250M,1017.0
F250N,73.0
F250P,27.0
F250Q,32.0
F250R,36.0
F250S,1238.0
F250T,461.0
F250V,1243.0
F250W,1097.0
F250Y,995.0
F250_,77.0
F254A,1771.0
F254C,1644.0
F254D,36.0
F254E,44.0
F254G,817.0
F254H,1006.0
F254I,1761.0
F254K,150.0
F254L,2322.0
F254M,2433.0
F254N,1687.0
F254P,1372.0
F254Q,168.0
F254R,33.0
F254S,1228.0
F254T,1992.0
F254V,1490.0
F254W,1842.0
F254Y,1275.0
F254_,62.0
F258A,2001.0
F258C,2310.0
F258D,44.0
F258E,307.0
F258G,1511.0
F258H,1216.0
F258I,1095.0
F258K,1406.0
F258L,2301.0
F258M,2207.0
F258N,411.0
F258P,394.0
F258Q,2312.0
F258R,529.0
F258S,3000.0
F258T,1617.0
F258V,1795.0
F258W,1811.0
F258Y,1540.0
F258_,31.0
F259A,558.0
F259C,267.0
F259D,38.0
F259E,34.0
F259G,818.0
F259H,78.0
F259I,152.0
F259K,51.0
F259L,137.0
F259M,364.0
F259N,76.0
F259P,301.0
F259Q,94.0
F259R,24.0
F259S,214.0
F259T,95.0
F259V,636.0
F259W,3442.0
F259Y,3679.0
F259_,30.0
F262A,1453.0
F262C,2473.0
F262D,68.0
F262E,49.0
F262G,6045.0
F262H,2284.0
F262I,1264.0
F262K,785.0
F262L,1708.0
F262M,1971.0
F262N,774.0
F262P,510.0
F262Q,2648.0
F262R,328.0
F262S,2021.0
F262T,1889.0
F262V,1552.0
F262W,1374.0
F262Y,1944.0
F262_,42.0
F266A,2082.0
F266C,2142.0
F266D,4246.0
F266E,3082.0
F266G,1624.0
F266H,2226.0
F266I,1011.0
F266K,2039.0
F266L,1738.0
F266M,1455.0
F266N,1472.0
F266P,832.0
F266Q,2615.0
F266R,997.0
F266S,1877.0
F266T,910.0
F266V,2724.0
F266W,2772.0
F266Y,958.0
F271A,1735.0
F271C,807.0
F271D,82.0
F271E,102.0
F271G,1998.0
F271H,242.0
F271I,59.0
F271K,34.0
F271L,1348.0
F271M,259.0
F271N,469.0
F271P,73.0
F271Q,551.0
F271R,33.0
F271S,1244.0
F271T,606.0
F271V,1364.0
F271W,80.0
F271Y,6635.0
F271_,34.0
F300A,2458.0
F300C,2697.0
F300D,212.0
F300E,340.0
F300G,1465.0
F300H,1550.0
F300I,60.0
F300K,56.0
F300L,122.0
F300M,2309.0
F300N,1195.0
F300P,168.0
F300Q,476.0
F300R,49.0
F300S,1163.0
F300T,1417.0
F300V,371.0
F300W,2304.0
F300Y,1959.0
F300_,34.0
F303A,49.0
F303C,1387.0
F303D,37.0
F303E,40.0
F303G,20.0
F303H,13.0
F303I,23.0
F303K,28.0
F303L,20.0
F303M,36.0
F303N,228.0
F303P,45.0
F303Q,57.0
F303R,26.0
F303S,56.0
F303T,20.0
F303V,62.0
F303W,3857.0
F303Y,125.0
F303_,51.0
F306A,47.0
F306C,167.0
F306D,58.0
F306E,32.0
F306G,65.0
F306H,1376.0
F306I,894.0
F306K,34.0
F306L,59.0
F306M,718.0
F306N,132.0
F306P,516.0
F306Q,201.0
F306R,28.0
F306S,182.0
F306T,1449.0
F306V,373.0
F306W,157.0
F306Y,806.0
F306_,58.0
F317A,60.0
F317C,108.0
F317D,19.0
F317E,52.0
F317G,69.0
F317H,55.0
F317I,120.0
F317K,58.0
F317L,109.0
F317M,475.0
F317N,20.0
F317P,33.0
F317Q,34.0
F317R,39.0
F317S,32.0
F317T,56.0
F317V,54.0
F317W,1135.0
F317Y,1189.0
F317_,17.0
F327A,2.0
F327C,203.0
F327D,35.0
F327E,54.0
F327G,57.0
F327H,91.0
F327I,137.0
F327K,31.0
F327L,3216.0
F327M,2753.0
F327N,86.0
F327P,47.0
F327Q,53.0
F327R,95.0
F327S,79.0
F327T,463.0
F327V,255.0
F327W,1494.0
F327Y,1379.0
F327_,56.0
F335A,383.0
F335C,156.0
F335D,96.0
F335E,29.0
F335G,132.0
F335H,38.0
F335I,1291.0
F335K,55.0
F335L,148.0
F335M,97.0
F335N,24.0
F335P,63.0
F335Q,57.0
F335R,53.0
F335S,16.0
F335T,89.0
F335V,228.0
F335W,34.0
F335Y,134.0
F335_,19.0
F341A,2093.0
F341C,4749.0
F341D,52.0
F341E,169.0
F341G,568.0
F341H,1463.0
F341I,273.0
F341K,28.0
F341L,3090.0
F341M,1902.0
F341N,244.0
F341P,46.0
F341Q,477.0
F341R,66.0
F341S,2557.0
F341T,641.0
F341V,142.0
F341W,258.0
F341Y,1171.0
F341_,20.0
F351A,22.0
F351C,196.0
F351D,38.0
F351E,63.0
F351G,41.0
F351H,35.0
F351I,2273.0
F351K,68.0
F351L,2992.0
F351M,1485.0
F351N,32.0
F351P,34.0
F351Q,52.0
F351R,46.0
F351S,40.0
F351T,269.0
F351V,934.0
F351W,34.0
F351Y,7.0
F351_,129.0
F47A,1671.0
F47C,1208.0
F47D,1137.0
F47E,677.0
F47G,944.0
F47H,1276.0
F47I,830.0
F47K,3402.0
F47L,1661.0
F47M,974.0
F47N,1305.0
F47P,33.0
F47Q,1087.0
F47R,2901.0
F47S,1248.0
F47T,1758.0
F47V,2492.0
F47W,669.0
F47Y,2069.0
F47_,177.0
F57A,1017.0
F57C,933.0
F57D,23.0
F57E,27.0
F57G,1378.0
F57H,63.0
F57I,1429.0
F57K,97.0
F57L,985.0
F57M,1099.0
F57N,82.0
F57P,366.0
F57Q,346.0
F57R,9.0
F57S,440.0
F57T,1123.0
F57V,3313.0
F57W,308.0
F57Y,653.0
F57_,45.0
F6A,685.0
F6C,1089.0
F6D,55.0
F6E,922.0
F6G,1122.0
F6H,956.0
F6I,1489.0
F6K,1201.0
F6L,1888.0
F6M,796.0
F6N,1477.0
F6P,82.0
F6Q,1671.0
F6R,550.0
F6S,635.0
F6T,464.0
F6V,292.0
F6W,1068.0
F6Y,1646.0
F6_,38.0
F78A,388.0
F78C,339.0
F78D,41.0
F78E,87.0
F78G,714.0
F78H,56.0
F78I,281.0
F78K,16.0
F78L,1027.0
F78M,734.0
F78N,59.0
F78P,19.0
F78Q,52.0
F78R,29.0
F78S,1477.0
F78T,757.0
F78V,635.0
F78W,671.0
F78Y,801.0
F78_,22.0
F83A,658.0
F83C,842.0
F83D,1165.0
F83E,436.0
F83G,777.0
F83H,340.0
F83I,555.0
F83K,101.0
F83L,966.0
F83M,886.0
F83N,440.0
F83P,113.0
F83Q,541.0
F83R,18.0
F83S,1106.0
F83T,727.0
F83V,454.0
F83W,1313.0
F83Y,837.0
F83_,12.0
F85A,7029.0
F85C,580.0
F85D,302.0
F85E,86.0
F85G,686.0
F85H,393.0
F85I,1510.0
F85K,52.0
F85L,716.0
F85M,700.0
F85N,917.0
F85P,673.0
F85Q,406.0
F85R,31.0
F85S,1732.0
F85T,905.0
F85V,246.0
F85W,1349.0
F85Y,602.0
F85_,13.0
F91A,433.0
F91C,518.0
F91D,1223.0
F91E,1189.0
F91G,887.0
F91H,951.0
F91I,431.0
F91K,139.0
F91L,1023.0
F91M,945.0
F91N,686.0
F91P,813.0
F91Q,586.0
F91R,30.0
F91S,979.0
F91T,978.0
F91V,1353.0
F91W,242.0
F91Y,237.0
F91_,24.0
G101A,595.0
G101C,35.0
G101D,134.0
G101E,159.0
G101F,17.0
G101H,24.0
G101I,14.0
G101K,477.0
G101L,5.0
G101M,29.0
G101N,50.0
G101P,13.0
G101Q,24.0
G101R,32.0
G101S,286.0
G101T,17.0
G101V,11.0
G101W,21.0
G101Y,107.0
G101_,16.0
G102A,12.0
G102C,20.0
G102D,10.0
G102E,9.0
G102F,30.0
G102H,13.0
G102I,25.0
G102K,41.0
G102L,32.0
G102M,55.0
G102N,22.0
G102P,6.0
G102Q,44.0
G102R,18.0
G102S,10.0
G102T,12.0
G102V,15.0
G102W,16.0
G102Y,22.0
G102_,27.0
G106A,675.0
G106C,19.0
G106D,16.0
G106E,14.0
G106F,10.0
G106H,21.0
G106I,28.0
G106K,15.0
G106L,27.0
G106M,22.0
G106N,9.0
G106P,19.0
G106Q,20.0
G106R,17.0
G106S,27.0
G106T,18.0
G106V,16.0
G106W,23.0
G106Y,14.0
G106_,26.0
G111A,691.0
G111C,273.0
G111D,21.0
G111E,7.0
G111F,5.0
G111H,13.0
G111I,17.0
G111K,12.0
G111L,7.0
G111M,20.0
G111N,10.0
G111P,97.0
G111Q,14.0
G111R,22.0
G111S,466.0
G111T,13.0
G111V,9.0
G111W,38.0
G111Y,33.0
G111_,20.0
G114A,544.0
G114C,89.0
G114D,40.0
G114E,30.0
G114F,46.0
G114H,27.0
G114I,23.0
G114K,17.0
G114L,12.0
G114M,13.0
G114N,16.0
G114P,19.0
G114Q,21.0
G114R,244.0
G114S,404.0
G114T,24.0
G114V,21.0
G114W,38.0
G114Y,31.0
G114_,23.0
G130A,797.0
G130C,237.0
G130D,29.0
G130E,5.0
G130F,37.0
G130H,24.0
G130I,7.0
G130K,25.0
G130L,18.0
G130M,963.0
G130N,19.0
G130P,22.0
G130Q,4.0
G130R,34.0
G130S,61.0
G130T,41.0
G130V,159.0
G130W,12.0
G130Y,26.0
G130_,9.0
G139A,819.0
G139C,37.0
G139D,30.0
G139E,22.0
G139F,27.0
G139H,21.0
G139I,16.0
G139K,14.0
G139L,21.0
G139M,42.0
G139N,3.0
G139P,16.0
G139Q,31.0
G139R,24.0
G139S,1722.0
G139T,905.0
G139V,29.0
G139W,28.0
G139Y,53.0
G139_,28.0
G143A,184.0
G143C,21.0
G143D,19.0
G143E,20.0
G143F,20.0
G143H,27.0
G143I,12.0
G143K,38.0
G143L,18.0
G143M,98.0
G143N,12.0
G143P,14.0
G143Q,19.0
G143R,19.0
G143S,303.0
G143T,152.0
G143V,19.0
G143W,34.0
G143Y,43.0
G143_,14.0
G145A,699.0
G145C,742.0
G145D,18.0
G145E,16.0
G145F,31.0
G145H,37.0
G145I,13.0
G145K,14.0
G145L,12.0
G145M,137.0
G145N,4.0
G145P,81.0
G145Q,17.0
G145S,442.0
G145T,316.0
G145V,169.0
G145W,17.0
G145Y,23.0
G145_,5.0
G147A,18.0
G147C,30.0
G147D,11.0
G147E,31.0
G147F,30.0
G147H,25.0
G147I,16.0
G147K,6.0
G147L,13.0
G147M,22.0
G147N,27.0
G147P,23.0
G147Q,34.0
G147R,6.0
G147S,20.0
G147T,193.0
G147V,30.0
G147W,14.0
G147Y,31.0
G147_,38.0
G148A,17.0
G148C,10.0
G148D,31.0
G148E,31.0
G148F,40.0
G148H,13.0
G148I,14.0
G148K,13.0
G148L,15.0
G148M,40.0
G148N,4.0
G148P,27.0
G148Q,23.0
G148R,46.0
G148S,15.0
G148T,16.0
G148V,36.0
G148W,27.0
G148Y,30.0
G148_,34.0
G163A,2071.0
G163C,1451.0
G163D,781.0
G163E,319.0
G163F,647.0
G163H,1234.0
G163I,494.0
G163K,17.0
G163L,86.0
G163M,654.0
G163N,4748.0
G163P,327.0
G163Q,678.0
G163R,47.0
G163S,1496.0
G163T,1604.0
G163V,665.0
G163W,662.0
G163Y,816.0
G163_,32.0
G166A,575.0
G166C,533.0
G166D,540.0
G166E,504.0
G166F,283.0
G166H,15.0
G166I,1482.0
G166K,129.0
G166L,448.0
G166M,503.0
G166N,727.0
G166P,1118.0
G166Q,627.0
G166R,17.0
G166S,689.0
G166T,822.0
G166V,1191.0
G166W,48.0
G166Y,327.0
G166_,30.0
G187A,1428.0
G187C,14570.0
G187D,805.0
G187E,1084.0
G187F,362.0
G187H,1242.0
G187I,561.0
G187K,1628.0
G187L,466.0
G187M,916.0
G187N,1630.0
G187P,1425.0
G187Q,1476.0
G187R,890.0
G187S,1336.0
G187T,1535.0
G187V,2002.0
G187W,391.0
G187Y,1769.0
G187_,14.0
G18A,335.0
G18C,29.0
G18D,15.0
G18E,12.0
G18H,17.0
G18I,10.0
G18K,6.0
G18L,32.0
G18M,16.0
G18N,6.0
G18P,19.0
G18Q,32.0
G18R,7.0
G18S,1621.0
G18T,26.0
G18V,15.0
G18W,16.0
G18Y,24.0
G18_,1.0
G20A,1081.0
G20C,94.0
G20D,17.0
G20E,19.0
G20F,26.0
G20H,20.0
G20I,15.0
G20K,39.0
G20L,12.0
G20M,24.0
G20N,28.0
G20P,114.0
G20Q,27.0
G20R,39.0
G20S,12380.0
G20T,7.0
G20V,21.0
G20W,18.0
G20Y,28.0
G20_,95.0
G217A,36.0
G217C,13.0
G217D,25.0
G217E,19.0
G217F,13.0
G217H,7.0
G217I,18.0
G217K,29.0
G217L,31.0
G217M,32.0
G217N,31.0
G217P,16.0
G217Q,29.0
G217R,17.0
G217S,25.0
G217T,30.0
G217V,13.0
G217W,18.0
G217Y,30.0
G217_,7.0
G246A,144.0
G246C,138.0
G246D,12.0
G246E,29.0
G246F,934.0
G246H,230.0
G246I,729.0
G246K,83.0
G246L,74.0
G246M,1104.0
G246N,180.0
G246P,74.0
G246Q,31.0
G246R,35.0
G246S,43.0
G246T,82.0
G246V,1284.0
G246W,3301.0
G246Y,361.0
G246_,33.0
G247A,2266.0
G247C,2800.0
G247D,32.0
G247E,147.0
G247F,496.0
G247H,39.0
G247I,239.0
G247K,58.0
G247L,301.0
G247M,2297.0
G247N,67.0
G247P,1038.0
G247Q,393.0
G247R,42.0
G247S,1968.0
G247T,1137.0
G247V,1678.0
G247W,30.0
G247Y,50.0
G247_,48.0
G248A,1228.0
G248C,220.0
G248D,57.0
G248E,35.0
G248F,17.0
G248H,30.0
G248I,71.0
G248K,49.0
G248L,26.0
G248M,103.0
G248N,33.0
G248P,48.0
G248Q,20.0
G248R,51.0
G248S,1847.0
G248T,18.0
G248V,67.0
G248W,21.0
G248Y,36.0
G248_,16.0
G251A,54.0
G251C,225.0
G251D,38.0
G251E,55.0
G251F,34.0
G251H,42.0
G251I,51.0
G251K,42.0
G251L,31.0
G251M,52.0
G251N,19.0
G251P,31.0
G251Q,56.0
G251R,15.0
G251S,41.0
G251T,43.0
G251V,14.0
G251W,32.0
G251Y,80.0
G251_,19.0
G291A,1930.0
G291C,1391.0
G291D,2231.0
G291E,1845.0
G291F,707.0
G291H,2353.0
G291I,135.0
G291K,2320.0
G291L,3373.0
G291M,2745.0
G291N,2178.0
G291P,22.0
G291Q,1525.0
G291R,3157.0
G291S,2418.0
G291T,2136.0
G291V,1278.0
G291W,1177.0
G291Y,4178.0
G291_,27.0
G305A,78.0
G305C,35.0
G305D,33.0
G305E,26.0
G305F,190.0
G305H,35.0
G305I,28.0
G305K,29.0
G305L,54.0
G305M,34.0
G305N,62.0
G305P,61.0
G305Q,36.0
G305R,22.0
G305S,40.0
G305T,39.0
G305V,23.0
G305W,36.0
G305Y,40.0
G305_,75.0
G322A,1596.0
G322C,810.0
G322D,620.0
G322E,987.0
G322F,454.0
G322H,2980.0
G322I,1131.0
G322K,1354.0
G322L,1087.0
G322M,1659.0
G322N,4208.0
G322P,674.0
G322Q,1124.0
G322R,1294.0
G322S,1244.0
G322T,778.0
G322V,2274.0
G322W,137.0
G322Y,1493.0
G322_,31.0
G326A,775.0
G326C,760.0
G326D,41.0
G326E,78.0
G326F,30.0
G326H,59.0
G326I,54.0
G326L,42.0
G326M,66.0
G326N,49.0
G326P,58.0
G326Q,102.0
G326R,120.0
G326S,1308.0
G326T,18.0
G326V,31.0
G326W,17.0
G326Y,64.0
G326_,26.0
G329A,2205.0
G329C,805.0
G329D,45.0
G329E,526.0
G329F,576.0
G329H,1598.0
G329I,75.0
G329K,40.0
G329L,34.0
G329M,2894.0
G329N,46.0
G329P,37.0
G329Q,1224.0
G329R,77.0
G329S,3190.0
G329T,28.0
G329V,146.0
G329W,74.0
G329Y,32.0
G329_,56.0
G330A,243.0
G330C,18.0
G330D,45.0
G330E,15.0
G330F,57.0
G330H,60.0
G330I,28.0
G330K,13.0
G330L,40.0
G330M,65.0
G330N,55.0
G330P,49.0
G330Q,40.0
G330R,38.0
G330S,42.0
G330T,33.0
G330V,50.0
G330W,45.0
G330Y,26.0
G330_,20.0
G339A,93.0
G339C,41.0
G339D,0.0
G339E,37.0
G339F,61.0
G339H,35.0
G339I,58.0
G339K,36.0
G339L,54.0
G339M,53.0
G339N,29.0
G339P,39.0
G339Q,37.0
G339R,64.0
G339S,34.0
G339T,58.0
G339V,27.0
G339W,40.0
G339Y,31.0
G339_,46.0
G343A,307.0
G343C,168.0
G343D,71.0
G343E,23.0
G343F,51.0
G343H,26.0
G343I,38.0
G343K,66.0
G343L,59.0
G343M,73.0
G343N,49.0
G343P,62.0
G343Q,63.0
G343R,58.0
G343S,1301.0
G343T,114.0
G343V,51.0
G343W,42.0
G343Y,102.0
G343_,45.0
G348A,66.0
G348C,33.0
G348D,46.0
G348E,39.0
G348F,32.0
G348H,71.0
G348I,86.0
G348K,28.0
G348L,36.0
G348M,56.0
G348N,27.0
G348P,52.0
G348Q,22.0
G348R,82.0
G348S,47.0
G348T,34.0
G348V,81.0
G348W,34.0
G348Y,35.0
G348_,48.0
G34A,1215.0
G34C,911.0
G34D,3013.0
G34E,1179.0
G34F,810.0
G34H,1404.0
G34I,27.0
G34K,1269.0
G34L,486.0
G34M,44.0
G34N,7815.0
G34P,35.0
G34Q,1020.0
G34R,604.0
G34S,618.0
G34T,152.0
G34V,134.0
G34W,525.0
G34Y,537.0
G34_,55.0
G364A,2400.0
G364C,2468.0
G364D,985.0
G364E,645.0
G364F,2543.0
G364H,843.0
G364I,2784.0
G364K,32.0
G364L,3510.0
G364M,1561.0
G364N,1609.0
G364P,159.0
G364Q,771.0
G364R,5.0
G364S,1981.0
G364T,2369.0
G364V,2034.0
G364W,2187.0
G364Y,1330.0
G364_,36.0
G369A,2490.0
G369C,2457.0
G369D,80.0
G369E,44.0
G369F,34.0
G369H,54.0
G369I,25.0
G369K,40.0
G369L,381.0
G369M,741.0
G369N,625.0
G369P,59.0
G369Q,38.0
G369R,94.0
G369S,2196.0
G369T,330.0
G369V,235.0
G369W,66.0
G369Y,39.0
G369_,59.0
G37A,1091.0
G37C,14.0
G37D,11.0
G37E,18.0
G37F,28.0
G37H,27.0
G37I,6.0
G37K,36.0
G37L,12.0
G37M,26.0
G37N,7.0
G37P,606.0
G37Q,16.0
G37R,31.0
G37S,144.0
G37T,11.0
G37V,27.0
G37W,37.0
G37Y,37.0
G37_,22.0
G41A,10.0
G41C,27.0
G41D,17.0
G41E,22.0
G41F,37.0
G41H,31.0
G41I,44.0
G41K,21.0
G41L,236.0
G41M,33.0
G41N,9.0
G41P,28.0
G41Q,14.0
G41R,4.0
G41S,34.0
G41T,14.0
G41V,18.0
G41W,12.0
G41Y,84.0
G41_,13.0
G58A,538.0
G58C,1538.0
G58D,51.0
G58E,19.0
G58F,9.0
G58H,35.0
G58I,4314.0
G58K,19.0
G58L,162.0
G58M,342.0
G58N,3.0
G58P,23.0
G58Q,49.0
G58R,48.0
G58S,1061.0
G58T,515.0
G58V,692.0
G58W,32.0
G58Y,18.0
G58_,22.0
G59A,18.0
G59C,47.0
G59D,25.0
G59E,29.0
G59F,12.0
G59H,21.0
G59I,31.0
G59K,39.0
G59L,11.0
G59M,45.0
G59N,36.0
G59P,14.0
G59Q,34.0
G59R,41.0
G59S,32.0
G59T,33.0
G59V,5.0
G59W,20.0
G59Y,22.0
G59_,25.0
G66A,1583.0
G66C,221.0
G66D,48.0
G66E,354.0
G66F,344.0
G66H,469.0
G66I,12.0
G66K,394.0
G66L,138.0
G66M,75.0
G66N,348.0
G66P,331.0
G66Q,1117.0
G66R,412.0
G66S,1919.0
G66T,1201.0
G66V,34.0
G66W,197.0
G66Y,73.0
G66_,19.0
G74A,30.0
G74C,11.0
G74D,18.0
G74E,9.0
G74F,22.0
G74H,22.0
G74I,11.0
G74K,39.0
G74L,24.0
G74M,22.0
G74N,27.0
G74P,5.0
G74Q,23.0
G74R,21.0
G74S,12.0
G74T,29.0
G74V,14.0
G74W,13.0
G74Y,26.0
G74_,43.0
G88A,474.0
G88C,700.0
G88D,662.0
G88E,640.0
G88F,583.0
G88H,433.0
G88I,362.0
G88K,414.0
G88L,539.0
G88M,331.0
G88N,165.0
G88P,843.0
G88Q,1130.0
G88R,1349.0
G88S,500.0
G88T,853.0
G88V,339.0
G88W,940.0
G88Y,612.0
G88_,28.0
H123A,1849.0
H123C,1336.0
H123D,824.0
H123E,501.0
H123F,479.0
H123G,666.0
H123I,677.0
H123K,947.0
H123L,762.0
H123M,510.0
H123N,969.0
H123P,437.0
H123Q,1235.0
H123R,372.0
H123S,739.0
H123T,726.0
H123V,407.0
H123W,794.0
H123Y,1217.0
H123_,27.0
H155A,1025.0
H155C,1245.0
H155D,146.0
H155E,92.0
H155F,1930.0
H155G,226.0
H155I,1317.0
H155K,242.0
H155L,1379.0
H155M,1290.0
H155N,895.0
H155P,209.0
H155Q,605.0
H155R,123.0
H155S,324.0
H155T,381.0
H155V,1252.0
H155W,1199.0
H155Y,1477.0
H155_,40.0
H178A,7490.0
H178C,781.0
H178D,1440.0
H178E,1553.0
H178F,1517.0
H178G,2158.0
H178I,1094.0
H178K,881.0
H178L,1748.0
H178M,1475.0
H178N,1258.0
H178P,2150.0
H178Q,1233.0
H178R,1469.0
H178S,1242.0
H178T,1106.0
H178V,1921.0
H178W,1118.0
H178Y,730.0
H178_,21.0
H354A,3103.0
H354C,3649.0
H354D,2129.0
H354E,2203.0
H354F,2218.0
H354G,76.0
H354I,2054.0
H354K,2291.0
H354L,603.0
H354M,4187.0
H354N,1930.0
H354P,62.0
H354Q,12757.0
H354R,3509.0
H354S,3389.0
H354T,1692.0
H354V,7588.0
H354W,1773.0
H354Y,341.0
H354_,96.0
H379A,1423.0
H379C,2108.0
H379D,2351.0
H379E,2483.0
H379F,2535.0
H379G,1374.0
H379I,1330.0
H379K,1543.0
H379L,2089.0
H379M,3335.0
H379N,1540.0
H379P,1280.0
H379Q,2601.0
H379R,1822.0
H379S,1700.0
H379T,2124.0
H379V,1469.0
H379W,2261.0
H379Y,1185.0
H379_,659.0
H89A,666.0
H89C,1148.0
H89D,299.0
H89E,1156.0
H89F,741.0
H89G,746.0
H89I,1152.0
H89K,271.0
H89L,634.0
H89M,760.0
H89N,1270.0
H89P,570.0
H89Q,1143.0
H89R,54.0
H89S,316.0
H89T,876.0
H89V,773.0
H89W,915.0
H89Y,915.0
H89_,15.0
I100A,738.0
I100C,1465.0
I100D,31.0
I100E,36.0
I100F,1096.0
I100G,75.0
I100H,38.0
I100K,34.0
I100L,289.0
I100M,550.0
I100N,13.0
I100P,7.0
I100Q,27.0
I100R,10.0
I100S,581.0
I100T,497.0
I100V,460.0
I100W,562.0
I100Y,408.0
I100_,41.0
I116A,182.0
I116C,721.0
I116D,23.0
I116E,19.0
I116F,171.0
I116G,14.0
I116H,19.0
I116K,29.0
I116L,607.0
I116M,403.0
I116N,45.0
I116P,28.0
I116Q,25.0
I116R,43.0
I116S,211.0
I116T,825.0
I116V,1093.0
I116W,22.0
I116Y,17.0
I116_,25.0
I12A,10.0
I12C,230.0
I12D,46.0
I12E,86.0
I12F,869.0
I12G,42.0
I12H,363.0
I12K,12.0
I12L,1798.0
I12M,1689.0
I12N,952.0
I12P,470.0
I12Q,592.0
I12R,36.0
I12S,44.0
I12T,417.0
I12V,90.0
I12W,25.0
I12Y,447.0
I12_,32.0
I135A,109.0
I135C,49.0
I135D,21.0
I135E,19.0
I135F,261.0
I135G,9.0
I135H,103.0
I135K,11.0
I135L,597.0
I135M,827.0
I135N,51.0
I135P,8.0
I135Q,64.0
I135R,20.0
I135S,137.0
I135T,306.0
I135V,587.0
I135W,1483.0
I135Y,321.0
I135_,28.0
I136A,32.0
I136C,125.0
I136D,16.0
I136E,164.0
I136F,214.0
I136G,2991.0
I136H,315.0
I136K,10.0
I136L,225.0
I136M,713.0
I136N,133.0
I136P,29.0
I136Q,245.0
I136R,30.0
I136S,154.0
I136T,188.0
I136V,1312.0
I136W,255.0
I136Y,62.0
I136_,19.0
I141A,317.0
I141C,689.0
I141D,28.0
I141E,24.0
I141F,671.0
I141G,196.0
I141H,15.0
I141K,16.0
I141L,8.0
I141M,599.0
I141N,27.0
I141P,27.0
I141Q,11.0
I141R,15.0
I141S,69.0
I141T,251.0
I141V,732.0
I141W,25.0
I141Y,11.0
I141_,48.0
I146A,458.0
I146C,1030.0
I146D,28.0
I146E,324.0
I146F,305.0
I146G,432.0
I146H,129.0
I146K,15.0
I146L,653.0
I146M,537.0
I146N,135.0
I146P,226.0
I146Q,262.0
I146R,23.0
I146S,832.0
I146T,920.0
I146V,475.0
I146W,873.0
I146Y,378.0
I146_,10.0
I15A,636.0
I15C,36.0
I15D,1307.0
I15E,953.0
I15F,107.0
I15G,103.0
I15H,1658.0
I15K,499.0
I15L,753.0
I15M,1055.0
I15N,1129.0
I15P,125.0
I15Q,744.0
I15R,45.0
I15S,391.0
I15T,918.0
I15V,830.0
I15W,23.0
I15Y,16.0
I15_,16.0
I167A,1546.0
I167C,1825.0
I167D,884.0
I167E,870.0
I167F,961.0
I167G,608.0
I167H,906.0
I167K,330.0
I167L,1977.0
I167M,1473.0
I167N,1172.0
I167P,1532.0
I167Q,1088.0
I167R,21.0
I167S,570.0
I167T,943.0
I167V,530.0
I167W,1704.0
I167Y,982.0
I167_,42.0
I171A,762.0
I171C,286.0
I171D,213.0
I171E,974.0
I171F,1619.0
I171G,2215.0
I171H,1427.0
I171K,1599.0
I171L,2227.0
I171M,1041.0
I171N,1574.0
I171P,860.0
I171Q,1159.0
I171R,1561.0
I171S,1025.0
I171T,1428.0
I171V,1873.0
I171W,1427.0
I171Y,615.0
I171_,48.0
I177A,2054.0
I177C,1166.0
I177D,1041.0
I177E,924.0
I177F,280.0
I177G,763.0
I177H,666.0
I177K,1337.0
I177L,861.0
I177M,302.0
I177N,1058.0
I177P,2877.0
I177Q,693.0
I177R,1041.0
I177S,1895.0
I177T,617.0
I177V,684.0
I177W,33.0
I177Y,142.0
I177_,31.0
I199A,1621.0
I199C,1339.0
I199D,1646.0
I199E,1699.0
I199F,1540.0
I199G,1644.0
I199H,1513.0
I199K,544.0
I199L,1347.0
I199M,1253.0
I199N,854.0
I199P,1267.0
I199Q,2698.0
I199R,1580.0
I199S,3382.0
I199T,2310.0
I199V,1067.0
I199W,1208.0
I199Y,1158.0
I199_,37.0
I19A,21.0
I19C,163.0
I19D,23.0
I19E,339.0
I19F,27.0
I19G,112.0
I19H,1313.0
I19K,715.0
I19L,982.0
I19M,1091.0
I19N,452.0
I19P,21.0
I19Q,416.0
I19R,587.0
I19S,114.0
I19T,571.0
I19V,478.0
I19W,13.0
I19Y,14.0
I19_,15.0
I205A,1919.0
I205C,1555.0
I205D,7.0
I205E,35.0
I205F,553.0
I205G,101.0
I205H,44.0
I205K,657.0
I205L,1258.0
I205M,1503.0
I205N,33.0
I205P,39.0
I205Q,487.0
I205R,975.0
I205S,466.0
I205T,1466.0
I205V,1069.0
I205W,670.0
I205Y,1515.0
I205_,46.0
I209A,803.0
I209C,1487.0
I209D,10.0
I209E,34.0
I209F,1807.0
I209G,1213.0
I209H,12.0
I209K,94.0
I209L,623.0
I209M,1296.0
I209N,18.0
I209P,18.0
I209Q,124.0
I209R,46.0
I209S,1239.0
I209T,1436.0
I209V,1366.0
I209W,221.0
I209Y,87.0
I209_,13.0
I23A,579.0
I23C,767.0
I23D,24.0
I23E,13.0
I23F,46.0
I23G,117.0
I23H,22.0
I23K,22.0
I23L,2341.0
I23M,686.0
I23N,53.0
I23P,10.0
I23Q,277.0
I23R,35.0
I23S,421.0
I23T,364.0
I23V,3165.0
I23W,14.0
I23Y,44.0
I23_,9.0
I240A,76.0
I240C,2359.0
I240D,35.0
I240E,61.0
I240F,220.0
I240G,14.0
I240H,52.0
I240K,22.0
I240L,3117.0
I240M,1964.0
I240N,764.0
I240P,36.0
I240Q,63.0
I240R,46.0
I240S,34.0
I240T,885.0
I240V,426.0
I240W,31.0
I240Y,155.0
I240_,47.0
I242A,2449.0
I242C,3332.0
I242D,1594.0
I242E,874.0
I242F,2035.0
I242G,1577.0
I242H,1645.0
I242K,1943.0
I242L,2494.0
I242M,1570.0
I242N,1906.0
I242P,841.0
I242Q,1922.0
I242R,1705.0
I242S,1764.0
I242T,2059.0
I242V,1828.0
I242W,2396.0
I242Y,3204.0
I242_,31.0
I244A,1206.0
I244C,2011.0
I244D,32.0
I244E,23.0
I244F,15.0
I244G,527.0
I244H,47.0
I244K,34.0
I244L,3173.0
I244M,1648.0
I244N,1229.0
I244P,20.0
I244Q,48.0
I244R,23.0
I244S,837.0
I244T,1919.0
I244V,3474.0
I244W,57.0
I244Y,32.0
I244_,19.0
I249A,1182.0
I249C,677.0
I249D,20.0
I249E,58.0
I249F,2931.0
I249G,169.0
I249H,55.0
I249K,54.0
I249L,1895.0
I249M,1040.0
I249N,11.0
I249P,39.0
I249Q,14.0
I249R,17.0
I249S,1113.0
I249T,2958.0
I249V,1858.0
I249W,536.0
I249Y,327.0
I249_,10.0
I256A,961.0
I256C,1686.0
I256D,27.0
I256E,50.0
I256F,1627.0
I256G,857.0
I256H,55.0
I256K,48.0
I256L,1183.0
I256M,546.0
I256N,17.0
I256P,24.0
I256Q,35.0
I256R,26.0
I256S,142.0
I256T,548.0
I256V,1959.0
I256W,194.0
I256Y,51.0
I256_,27.0
I272A,331.0
I272C,1245.0
I272D,52.0
I272E,34.0
I272F,1676.0
I272G,76.0
I272H,77.0
I272K,63.0
I272L,1861.0
I272M,2190.0
I272N,11.0
I272P,66.0
I272Q,50.0
I272R,38.0
I272S,22.0
I272T,1345.0
I272V,2514.0
I272W,102.0
I272Y,26.0
I272_,65.0
I277A,2998.0
I277C,1439.0
I277D,2685.0
I277E,274.0
I277F,3573.0
I277G,2492.0
I277H,703.0
I277K,1995.0
I277L,2738.0
I277M,1328.0
I277N,4690.0
I277P,48.0
I277Q,1497.0
I277R,716.0
I277S,2295.0
I277T,1239.0
I277V,2487.0
I277W,1303.0
I277Y,1323.0
I277_,45.0
I281A,1994.0
I281C,1535.0
I281D,21.0
I281E,96.0
I281F,1608.0
I281G,2228.0
I281H,1871.0
I281K,1309.0
I281L,2386.0
I281M,2080.0
I281N,261.0
I281P,402.0
I281Q,1661.0
I281R,57.0
I281S,2412.0
I281T,1593.0
I281V,2240.0
I281W,1312.0
I281Y,884.0
I281_,27.0
I288A,1722.0
I288C,1877.0
I288D,247.0
I288E,2822.0
I288F,2547.0
I288G,2181.0
I288H,985.0
I288K,1391.0
I288L,2099.0
I288M,2127.0
I288N,1574.0
I288P,349.0
I288Q,1694.0
I288R,1403.0
I288S,1814.0
I288T,2118.0
I288V,1453.0
I288W,1560.0
I288Y,1925.0
I288_,20.0
I295A,709.0
I295C,755.0
I295D,766.0
I295E,1431.0
I295F,1552.0
I295G,141.0
I295H,1777.0
I295K,1112.0
I295L,687.0
I295M,602.0
I295N,2367.0
I295P,30.0
I295Q,181.0
I295R,31.0
I295S,337.0
I295T,2802.0
I295V,2490.0
I295W,20.0
I295Y,2511.0
I295_,14.0
I298A,1819.0
I298C,1872.0
I298D,904.0
I298E,1183.0
I298F,1107.0
I298G,1391.0
I298H,105.0
I298K,32.0
I298L,1230.0
I298M,1854.0
I298N,1050.0
I298P,431.0
I298Q,1398.0
I298R,98.0
I298S,835.0
I298T,4935.0
I298V,1504.0
I298W,385.0
I298Y,697.0
I298_,29.0
I304A,176.0
I304C,891.0
I304D,83.0
I304E,21.0
I304F,47.0
I304G,361.0
I304H,26.0
I304K,111.0
I304L,2474.0
I304M,526.0
I304N,2622.0
I304P,17.0
I304Q,218.0
I304R,18.0
I304S,68.0
I304T,1283.0
I304V,2296.0
I304W,2921.0
I304Y,79.0
I304_,39.0
I309A,271.0
I309C,504.0
I309D,238.0
I309E,34.0
I309F,2111.0
I309G,36.0
I309H,53.0
I309K,40.0
I309L,448.0
I309N,192.0
I309P,19.0
I309Q,36.0
I309R,61.0
I309S,115.0
I309T,1937.0
I309V,3436.0
I309Y,2208.0
I309_,62.0
I313A,47.0
I313C,476.0
I313D,23.0
I313E,38.0
I313F,251.0
I313G,59.0
I313H,51.0
I313K,66.0
I313L,1760.0
I313M,1460.0
I313N,74.0
I313P,41.0
I313Q,92.0
I313R,46.0
I313S,91.0
I313T,673.0
I313V,961.0
I313W,48.0
I313Y,36.0
I313_,79.0
I320A,1361.0
I320C,2988.0
I320D,44.0
I320E,962.0
I320F,558.0
I320G,64.0
I320H,1860.0
I320K,4296.0
I320L,1436.0
I320M,2424.0
I320N,839.0
I320P,32.0
I320Q,1463.0
I320R,1192.0
I320S,1150.0
I320T,781.0
I320V,3022.0
I320W,58.0
I320Y,286.0
I320_,56.0
I342A,1416.0
I342C,1935.0
I342D,873.0
I342E,1015.0
I342F,1881.0
I342G,3067.0
I342H,2344.0
I342K,948.0
I342L,1541.0
I342M,1739.0
I342N,2396.0
I342P,827.0
I342Q,1421.0
I342R,29.0
I342S,2036.0
I342T,2081.0
I342V,3087.0
I342W,1207.0
I342Y,6764.0
I342_,71.0
I346A,138.0
I346C,480.0
I346D,119.0
I346E,786.0
I346F,2755.0
I346G,96.0
I346H,1940.0
I346K,2241.0
I346L,1401.0
I346M,1788.0
I346N,1264.0
I346P,3399.0
I346Q,1232.0
I346R,768.0
I346S,61.0
I346T,304.0
I346V,1664.0
I346W,1789.0
I346Y,2142.0
I346_,45.0
I355A,818.0
I355C,1377.0
I355D,354.0
I355E,145.0
I355F,533.0
I355G,1268.0
I355H,348.0
I355K,796.0
I355L,1046.0
I355M,2138.0
I355N,2549.0
I355P,81.0
I355Q,1247.0
I355R,1629.0
I355S,1175.0
I355T,1529.0
I355V,999.0
I355W,1681.0
I355Y,151.0
I355_,37.0
I359A,2239.0
I359C,1436.0
I359D,41.0
I359E,52.0
I359F,384.0
I359G,353.0
I359H,108.0
I359K,85.0
I359L,2115.0
I359M,1642.0
I359N,2791.0
I359P,2337.0
I359Q,2200.0
I359R,28.0
I359S,2363.0
I359T,2767.0
I359V,3281.0
I359W,56.0
I359Y,30.0
I359_,55.0
I363A,434.0
I363C,191.0
I363D,38.0
I363E,135.0
I363F,560.0
I363G,1191.0
I363H,38.0
I363K,48.0
I363L,1598.0
I363M,4193.0
I363N,36.0
I363P,42.0
I363Q,256.0
I363R,36.0
I363S,109.0
I363T,2797.0
I363V,1937.0
I363W,198.0
I363Y,44.0
I363_,56.0
I372A,43.0
I372C,106.0
I372D,39.0
I372E,41.0
I372F,1255.0
I372G,451.0
I372H,59.0
I372K,34.0
I372L,1432.0
I372M,397.0
I372N,14.0
I372P,50.0
I372Q,286.0
I372R,77.0
I372S,44.0
I372T,52.0
I372V,108.0
I372W,217.0
I372Y,162.0
I372_,18.0
I375A,1302.0
I375C,2341.0
I375D,290.0
I375E,1659.0
I375F,1576.0
I375G,2207.0
I375H,1717.0
I375K,717.0
I375L,3569.0
I375M,2819.0
I375N,1106.0
I375P,143.0
I375Q,3300.0
I375S,926.0
I375T,1958.0
I375V,3551.0
I375W,2037.0
I375Y,3193.0
I375_,39.0
I53A,540.0
I53C,1941.0
I53D,18.0
I53E,31.0
I53F,470.0
I53G,1792.0
I53H,1116.0
I53K,101.0
I53L,2290.0
I53M,1003.0
I53N,893.0
I53P,11.0
I53Q,413.0
I53R,49.0
I53S,701.0
I53T,637.0
I53V,1628.0
I53W,440.0
I53Y,420.0
I53_,122.0
I54A,1339.0
I54C,453.0
I54D,2.0
I54E,1427.0
I54F,276.0
I54G,176.0
I54H,152.0
I54K,22.0
I54L,769.0
I54M,670.0
I54N,256.0
I54P,75.0
I54Q,690.0
I54R,34.0
I54S,817.0
I54T,1459.0
I54V,1000.0
I54Y,11838.0
I54_,27.0
I5C,52.0
I5D,12.0
I5E,27.0
I5F,720.0
I5G,216.0
I5H,860.0
I5K,879.0
I5L,45.0
I5M,440.0
I5N,752.0
I5P,234.0
I5Q,1583.0
I5R,1427.0
I5S,719.0
I5T,125.0
I5V,32.0
I5W,1624.0
I5Y,2106.0
I5_,28.0
I70A,377.0
I70C,267.0
I70D,19.0
I70E,40.0
I70F,509.0
I70G,665.0
I70H,27.0
I70K,30.0
I70L,781.0
I70M,394.0
I70N,131.0
I70P,713.0
I70Q,24.0
I70R,16.0
I70S,277.0
I70T,605.0
I70V,1001.0
I70W,229.0
I70Y,12.0
I70_,15.0
I71A,11.0
I71C,56.0
I71D,40.0
I71E,19.0
I71F,693.0
I71G,57.0
I71H,34.0
I71K,17.0
I71L,699.0
I71M,394.0
I71N,49.0
I71P,345.0
I71Q,80.0
I71R,36.0
I71S,7.0
I71T,21.0
I71V,764.0
I71W,34.0
I71Y,67.0
I71_,2.0
I73A,917.0
I73C,1152.0
I73D,277.0
I73E,1008.0
I73F,737.0
I73G,564.0
I73H,309.0
I73K,105.0
I73L,1558.0
I73M,1076.0
I73N,521.0
I73P,134.0
I73Q,902.0
I73R,20.0
I73S,380.0
I73T,760.0
I73V,1454.0
I73W,627.0
I73Y,910.0
I73_,10.0
I76A,828.0
I76C,906.0
I76D,249.0
I76E,675.0
I76F,1055.0
I76G,897.0
I76H,654.0
I76K,15.0
I76L,889.0
I76M,728.0
I76N,765.0
I76P,648.0
I76Q,1013.0
I76R,18.0
I76S,1597.0
I76T,1122.0
I76V,780.0
I76W,1021.0
I76Y,917.0
I76_,14.0
K125A,34.0
K125C,12.0
K125D,29.0
K125E,53.0
K125F,42.0
K125G,23.0
K125H,27.0
K125I,44.0
K125L,60.0
K125M,3.0
K125N,31.0
K125P,17.0
K125Q,50.0
K125R,908.0
K125S,17.0
K125T,30.0
K125V,29.0
K125W,24.0
K125Y,30.0
K125_,20.0
K127A,821.0
K127C,184.0
K127D,20.0
K127E,33.0
K127F,27.0
K127G,12.0
K127H,44.0
K127I,135.0
K127L,208.0
K127M,94.0
K127N,65.0
K127P,21.0
K127Q,479.0
K127R,1085.0
K127S,146.0
K127T,360.0
K127V,180.0
K127W,17.0
K127Y,32.0
K127_,13.0
K181A,1345.0
K181C,1132.0
K181D,1317.0
K181E,1255.0
K181F,2078.0
K181G,2625.0
K181H,1275.0
K181I,1796.0
K181L,1569.0
K181M,1919.0
K181N,1344.0
K181P,149.0
K181Q,1621.0
K181R,2771.0
K181S,1689.0
K181T,4839.0
K181V,2157.0
K181W,2279.0
K181Y,1478.0
K181_,16.0
K182A,3249.0
K182C,995.0
K182D,769.0
K182E,1499.0
K182F,670.0
K182G,2424.0
K182H,1463.0
K182I,824.0
K182L,1756.0
K182M,959.0
K182N,1250.0
K182P,2975.0
K182Q,1719.0
K182R,1460.0
K182S,2093.0
K182T,1613.0
K182V,666.0
K182W,973.0
K182Y,988.0
K182_,17.0
K190A,1881.0
K190C,1345.0
K190D,2522.0
K190E,690.0
K190F,873.0
K190G,1138.0
K190H,1527.0
K190I,2184.0
K190L,1291.0
K190M,1600.0
K190N,1375.0
K190P,2423.0
K190Q,1818.0
K190R,1308.0
K190S,1257.0
K190T,1186.0
K190V,4543.0
K190W,141.0
K190_,14.0
K198A,1170.0
K198C,1256.0
K198D,709.0
K198E,1695.0
K198F,1137.0
K198G,912.0
K198H,2130.0
K198I,2204.0
K198L,1917.0
K198M,1037.0
K198N,1132.0
K198P,1693.0
K198Q,1441.0
K198R,2467.0
K198S,3397.0
K198T,1822.0
K198V,1682.0
K198W,1296.0
K198Y,828.0
K198_,30.0
K202A,1837.0
K202C,1817.0
K202D,503.0
K202E,935.0
K202F,6331.0
K202G,1353.0
K202H,1398.0
K202I,979.0
K202L,649.0
K202M,1054.0
K202N,1108.0
K202P,794.0
K202Q,2249.0
K202R,1711.0
K202S,1010.0
K202T,1516.0
K202V,1472.0
K202W,1404.0
K202Y,803.0
K202_,13.0
K232A,705.0
K232C,222.0
K232D,29.0
K232E,67.0
K232F,0.0
K232G,71.0
K232H,688.0
K232I,186.0
K232L,126.0
K232M,245.0
K232N,43.0
K232P,41.0
K232Q,305.0
K232R,1620.0
K232S,666.0
K232T,71.0
K232V,302.0
K232W,62.0
K232Y,20.0
K232_,34.0
K238A,2025.0
K238C,1449.0
K238D,1390.0
K238E,2136.0
K238F,2526.0
K238G,1128.0
K238H,1994.0
K238I,1030.0
K238L,508.0
K238M,1357.0
K238N,893.0
K238P,1260.0
K238Q,1274.0
K238R,1447.0
K238S,1494.0
K238T,1963.0
K238V,861.0
K238W,1286.0
K238Y,1172.0
K238_,38.0
K261A,1643.0
K261C,1053.0
K261D,887.0
K261E,494.0
K261F,971.0
K261G,6468.0
K261H,1486.0
K261I,1136.0
K261L,970.0
K261M,1650.0
K261N,2031.0
K261P,2702.0
K261Q,2514.0
K261R,1332.0
K261S,7749.0
K261T,1511.0
K261V,84.0
K261W,1126.0
K261Y,1305.0
K261_,48.0
K264A,1964.0
K264C,2560.0
K264D,1884.0
K264E,1640.0
K264F,1281.0
K264G,3140.0
K264H,378.0
K264I,521.0
K264L,839.0
K264M,1564.0
K264N,2508.0
K264P,468.0
K264Q,1819.0
K264R,2570.0
K264S,2127.0
K264T,2800.0
K264V,304.0
K264W,36.0
K264Y,904.0
K264_,43.0
K31A,1133.0
K31C,1334.0
K31D,766.0
K31E,638.0
K31F,1963.0
K31G,2521.0
K31H,1071.0
K31I,687.0
K31L,1036.0
K31M,2057.0
K31N,1147.0
K31P,220.0
K31Q,1500.0
K31R,1019.0
K31S,960.0
K31T,1393.0
K31V,299.0
K31W,1278.0
K31Y,1220.0
K31_,24.0
K377A,2154.0
K377C,2618.0
K377D,1566.0
K377E,1931.0
K377F,1856.0
K377G,2725.0
K377H,2547.0
K377I,1964.0
K377L,1588.0
K377M,2144.0
K377N,2510.0
K377P,2416.0
K377Q,3487.0
K377R,2851.0
K377S,2043.0
K377T,1708.0
K377V,2010.0
K377W,2724.0
K377_,558.0
K382A,3515.0
K382C,3167.0
K382D,1929.0
K382E,3224.0
K382F,2039.0
K382G,2306.0
K382H,2102.0
K382I,851.0
K382L,2016.0
K382M,2087.0
K382N,2467.0
K382P,2231.0
K382Q,3532.0
K382R,3130.0
K382S,2233.0
K382T,4259.0
K382V,2185.0
K382W,3764.0
K382Y,2500.0
K382_,2076.0
K384A,1936.0
K384C,1588.0
K384D,1154.0
K384E,2107.0
K384F,2360.0
K384G,4828.0
K384H,456.0
K384I,2429.0
K384L,2437.0
K384M,1501.0
K384N,3799.0
K384P,1532.0
K384Q,2019.0
K384R,2239.0
K384S,2253.0
K384T,5023.0
K384V,2879.0
K384W,2641.0
K384Y,2066.0
K384_,3145.0
K3A,54.0
K3C,54.0
K3D,425.0
K3E,1144.0
K3F,926.0
K3G,194.0
K3H,408.0
K3I,277.0
K3L,25.0
K3M,252.0
K3N,1224.0
K3P,34.0
K3Q,1363.0
K3R,2278.0
K3S,2861.0
K3T,327.0
K3V,24.0
K3W,194.0
K3Y,1074.0
K3_,22.0
K64A,730.0
K64C,1089.0
K64D,1250.0
K64E,1142.0
K64F,536.0
K64G,785.0
K64H,841.0
K64I,2048.0
K64L,1628.0
K64M,1205.0
K64N,580.0
K64P,1335.0
K64Q,1862.0
K64R,732.0
K64S,2954.0
K64T,1198.0
K64V,727.0
K64W,621.0
K64Y,1462.0
K64_,16.0
K67A,1760.0
K67C,1615.0
K67D,329.0
K67E,1370.0
K67F,795.0
K67G,1748.0
K67H,356.0
K67I,72.0
K67L,144.0
K67M,584.0
K67N,832.0
K67P,664.0
K67Q,1368.0
K67R,832.0
K67S,473.0
K67T,739.0
K67V,353.0
K67W,127.0
K67Y,179.0
K67_,27.0
K68A,2933.0
K68C,994.0
K68D,1105.0
K68E,612.0
K68F,1158.0
K68G,623.0
K68H,339.0
K68I,1897.0
K68L,2114.0
K68M,1234.0
K68N,1814.0
K68P,1142.0
K68Q,1802.0
K68R,1078.0
K68S,1509.0
K68T,3617.0
K68V,852.0
K68W,777.0
K68Y,665.0
K68_,62.0
L115A,347.0
L115C,1076.0
L115D,57.0
L115E,362.0
L115F,665.0
L115G,230.0
L115H,1009.0
L115I,755.0
L115K,479.0
L115M,498.0
L115N,243.0
L115P,26.0
L115Q,647.0
L115R,404.0
L115S,388.0
L115T,390.0
L115V,1015.0
L115W,287.0
L115Y,610.0
L115_,22.0
L142A,81.0
L142C,551.0
L142D,24.0
L142E,44.0
L142F,878.0
L142G,450.0
L142H,21.0
L142I,825.0
L142K,17.0
L142M,1017.0
L142N,38.0
L142P,46.0
L142Q,3.0
L142R,16.0
L142S,65.0
L142T,1486.0
L142V,1229.0
L142W,100.0
L142Y,30.0
L142_,19.0
L14A,803.0
L14C,946.0
L14D,740.0
L14E,582.0
L14F,1246.0
L14G,436.0
L14H,1359.0
L14I,58.0
L14K,65.0
L14M,673.0
L14N,874.0
L14P,115.0
L14Q,683.0
L14R,12.0
L14S,550.0
L14T,61.0
L14V,10.0
L14W,277.0
L14Y,17.0
L14_,13.0
L165A,896.0
L165C,2520.0
L165D,712.0
L165E,1290.0
L165F,802.0
L165G,1043.0
L165H,1351.0
L165I,813.0
L165K,126.0
L165M,1299.0
L165N,1156.0
L165P,14.0
L165Q,1064.0
L165R,28.0
L165S,3625.0
L165T,1008.0
L165V,1798.0
L165W,245.0
L165Y,842.0
L165_,14.0
L168A,1210.0
L168C,1467.0
L168D,435.0
L168E,774.0
L168F,1058.0
L168G,778.0
L168H,927.0
L168I,1384.0
L168K,1080.0
L168M,1314.0
L168N,1572.0
L168P,1621.0
L168Q,1875.0
L168R,11.0
L168S,1098.0
L168T,1897.0
L168V,1216.0
L168W,1604.0
L168Y,930.0
L168_,25.0
L176A,1550.0
L176C,1084.0
L176D,927.0
L176E,476.0
L176F,1226.0
L176G,1323.0
L176H,215.0
L176I,72.0
L176K,814.0
L176M,2000.0
L176N,2430.0
L176P,659.0
L176Q,557.0
L176R,458.0
L176S,1967.0
L176T,1076.0
L176V,262.0
L176W,657.0
L176Y,1367.0
L176_,24.0
L17A,980.0
L17C,1979.0
L17D,10.0
L17E,4117.0
L17F,421.0
L17G,305.0
L17H,12.0
L17I,589.0
L17K,84.0
L17M,1392.0
L17N,1105.0
L17P,28.0
L17Q,287.0
L17R,32.0
L17S,589.0
L17T,502.0
L17V,2276.0
L17W,950.0
L17Y,44.0
L17_,52.0
L191A,1025.0
L191C,1354.0
L191D,1814.0
L191E,1809.0
L191F,1800.0
L191G,1916.0
L191H,1693.0
L191I,1002.0
L191K,533.0
L191M,2467.0
L191N,936.0
L191P,1257.0
L191Q,2220.0
L191R,1592.0
L191S,1767.0
L191T,2812.0
L191V,1550.0
L191W,490.0
L191Y,1552.0
L191_,14.0
L195A,9458.0
L195C,1289.0
L195D,1194.0
L195E,941.0
L195F,1311.0
L195G,1763.0
L195H,1089.0
L195I,1592.0
L195K,1800.0
L195M,1366.0
L195N,2075.0
L195P,2450.0
L195Q,1203.0
L195R,1610.0
L195S,2125.0
L195T,2843.0
L195V,1322.0
L195W,1034.0
L195Y,1386.0
L195_,29.0
L196A,1418.0
L196C,1048.0
L196D,1706.0
L196E,1038.0
L196F,1257.0
L196G,1486.0
L196H,2009.0
L196I,1103.0
L196K,1344.0
L196M,2693.0
L196N,883.0
L196P,1735.0
L196Q,770.0
L196R,1983.0
L196S,1126.0
L196T,1624.0
L196V,1120.0
L196W,2278.0
L196Y,1599.0
L196_,20.0
L210A,27.0
L210C,42.0
L210D,44.0
L210E,119.0
L210F,850.0
L210G,25.0
L210H,30.0
L210I,966.0
L210K,18.0
L210M,1852.0
L210N,23.0
L210P,8.0
L210Q,16.0
L210R,4.0
L210S,154.0
L210T,76.0
L210V,132.0
L210W,18.0
L210Y,22.0
L210_,23.0
L212A,1603.0
L212C,1486.0
L212D,11.0
L212E,26.0
L212F,1112.0
L212G,2251.0
L212H,198.0
L212I,589.0
L212K,71.0
L212M,1612.0
L212N,52.0
L212P,63.0
L212Q,384.0
L212R,14.0
L212S,751.0
L212T,2103.0
L212V,1377.0
L212W,947.0
L212Y,349.0
L212_,64.0
L214A,57.0
L214C,313.0
L214D,29.0
L214E,4.0
L214F,341.0
L214G,20.0
L214H,12.0
L214I,1658.0
L214K,29.0
L214M,602.0
L214N,16.0
L214P,39.0
L214Q,33.0
L214R,21.0
L214S,25.0
L214T,563.0
L214V,1371.0
L214W,58.0
L214Y,70.0
L214_,15.0
L218A,42.0
L218C,206.0
L218D,32.0
L218E,187.0
L218F,1698.0
L218G,58.0
L218H,120.0
L218I,1092.0
L218K,31.0
L218M,833.0
L218N,172.0
L218P,25.0
L218Q,362.0
L218R,31.0
L218S,73.0
L218T,119.0
L218V,886.0
L218W,1027.0
L218Y,2195.0
L218_,27.0
L21A,403.0
L21C,611.0
L21D,60.0
L21E,234.0
L21F,536.0
L21G,560.0
L21H,29.0
L21I,1354.0
L21K,14.0
L21M,1186.0
L21N,1212.0
L21P,70.0
L21Q,282.0
L21R,32.0
L21S,908.0
L21T,514.0
L21V,617.0
L21W,41.0
L21Y,6.0
L21_,16.0
L224A,27.0
L224C,82.0
L224D,32.0
L224E,13.0
L224F,689.0
L224G,21.0
L224H,148.0
L224I,28.0
L224K,12.0
L224M,500.0
L224N,44.0
L224P,31.0
L224Q,38.0
L224R,18.0
L224S,114.0
L224T,22.0
L224V,21.0
L224W,26.0
L224Y,103.0
L224_,38.0
L227A,15.0
L227C,1067.0
L227D,26.0
L227E,29.0
L227F,721.0
L227G,25.0
L227H,23.0
L227I,464.0
L227K,22.0
L227M,1717.0
L227N,14.0
L227P,26.0
L227Q,33.0
L227R,47.0
L227S,48.0
L227T,59.0
L227V,868.0
L227W,99.0
L227Y,120.0
L227_,70.0
L253A,2077.0
L253C,2470.0
L253D,57.0
L253E,50.0
L253F,2466.0
L253G,2338.0
L253H,1066.0
L253I,2964.0
L253K,20.0
L253M,1507.0
L253N,149.0
L253P,287.0
L253Q,366.0
L253R,48.0
L253S,1705.0
L253T,1931.0
L253V,818.0
L253W,1208.0
L253Y,2958.0
L253_,26.0
L269A,1279.0
L269C,1592.0
L269D,1197.0
L269E,1807.0
L269F,1559.0
L269G,1336.0
L269H,1297.0
L269I,1031.0
L269K,289.0
L269M,2032.0
L269N,556.0
L269P,3109.0
L269Q,2406.0
L269R,181.0
L269S,1964.0
L269T,2938.0
L269V,1648.0
L269W,426.0
L269Y,747.0
L269_,28.0
L26A,88.0
L26C,806.0
L26D,15.0
L26E,104.0
L26F,766.0
L26G,1660.0
L26H,308.0
L26I,604.0
L26K,18.0
L26M,2066.0
L26N,541.0
L26P,23.0
L26Q,873.0
L26R,5.0
L26S,534.0
L26T,953.0
L26V,1150.0
L26W,21.0
L26Y,534.0
L26_,21.0
L276A,2909.0
L276C,2840.0
L276D,49.0
L276E,66.0
L276F,130.0
L276G,910.0
L276H,82.0
L276I,339.0
L276K,55.0
L276M,1139.0
L276N,539.0
L276P,31.0
L276Q,61.0
L276R,51.0
L276S,2818.0
L276T,744.0
L276V,197.0
L276W,51.0
L276Y,86.0
L276_,37.0
L283A,521.0
L283C,3090.0
L283D,24.0
L283E,34.0
L283F,57.0
L283G,440.0
L283H,70.0
L283I,277.0
L283K,36.0
L283M,772.0
L283N,82.0
L283P,105.0
L283Q,192.0
L283R,54.0
L283S,554.0
L283T,219.0
L283V,43.0
L283W,389.0
L283Y,65.0
L283_,45.0
L285A,2026.0
L285C,1864.0
L285D,1222.0
L285E,1869.0
L285F,2105.0
L285G,2217.0
L285H,3044.0
L285I,2017.0
L285K,85.0
L285M,2460.0
L285N,888.0
L285P,1093.0
L285Q,1808.0
L285R,50.0
L285S,1405.0
L285T,1695.0
L285V,2203.0
L285W,1720.0
L285Y,785.0
L285_,68.0
L286A,3349.0
L286C,1651.0
L286D,1381.0
L286E,1941.0
L286F,1733.0
L286G,72.0
L286H,48.0
L286I,1779.0
L286K,19.0
L286M,2465.0
L286N,275.0
L286P,50.0
L286Q,660.0
L286R,59.0
L286S,277.0
L286T,1605.0
L286V,1712.0
L286W,54.0
L286Y,164.0
L286_,47.0
L30A,14.0
L30C,51.0
L30D,18.0
L30E,56.0
L30F,138.0
L30G,14.0
L30H,28.0
L30I,278.0
L30K,15.0
L30M,135.0
L30N,38.0
L30P,46.0
L30Q,18.0
L30R,17.0
L30S,25.0
L30T,12.0
L30V,68.0
L30W,102.0
L30Y,36.0
L30_,32.0
L331A,545.0
L331C,1461.0
L331D,11.0
L331E,30.0
L331F,196.0
L331G,34.0
L331H,53.0
L331I,1938.0
L331K,13.0
L331M,1614.0
L331N,60.0
L331P,54.0
L331Q,71.0
L331R,32.0
L331S,51.0
L331T,55.0
L331V,2183.0
L331W,39.0
L331Y,64.0
L331_,55.0
L33A,1120.0
L33C,320.0
L33D,35.0
L33E,216.0
L33F,119.0
L33G,160.0
L33H,1010.0
L33I,447.0
L33K,330.0
L33M,645.0
L33N,1142.0
L33P,13.0
L33Q,1618.0
L33R,307.0
L33S,141.0
L33T,50.0
L33V,638.0
L33W,22.0
L33Y,13.0
L33_,20.0
L345A,2231.0
L345C,1209.0
L345D,594.0
L345E,364.0
L345F,1999.0
L345G,1562.0
L345H,297.0
L345I,441.0
L345K,49.0
L345M,1319.0
L345N,771.0
L345P,2384.0
L345Q,2123.0
L345R,244.0
L345S,928.0
L345T,351.0
L345V,2743.0
L345W,514.0
L345Y,4418.0
L345_,59.0
L350A,785.0
L350D,33.0
L350E,1512.0
L350F,3086.0
L350G,2943.0
L350H,49.0
L350I,3504.0
L350K,1287.0
L350M,2081.0
L350N,1142.0
L350P,36.0
L350Q,906.0
L350R,1347.0
L350S,2427.0
L350T,1495.0
L350V,3113.0
L350W,2219.0
L350Y,1940.0
L350_,30.0
L35A,543.0
L35C,514.0
L35D,32.0
L35E,11.0
L35F,144.0
L35G,13.0
L35H,41.0
L35I,117.0
L35K,196.0
L35M,2236.0
L35N,9.0
L35P,0.0
L35Q,41.0
L35R,6.0
L35S,11.0
L35T,3.0
L35V,41.0
L35W,89.0
L35Y,357.0
L35_,8.0
L367A,2407.0
L367C,2347.0
L367D,68.0
L367E,70.0
L367F,3720.0
L367G,2027.0
L367H,2198.0
L367I,2316.0
L367K,74.0
L367M,3642.0
L367N,2323.0
L367P,59.0
L367Q,2449.0
L367R,43.0
L367S,3271.0
L367T,2621.0
L367V,4072.0
L367W,1245.0
L367Y,512.0
L367_,62.0
L374A,4062.0
L374C,3257.0
L374D,1013.0
L374E,2555.0
L374F,2226.0
L374G,2188.0
L374H,3703.0
L374I,1678.0
L374K,2466.0
L374M,2785.0
L374N,817.0
L374P,73.0
L374Q,2305.0
L374R,2090.0
L374S,2268.0
L374T,2289.0
L374V,4033.0
L374W,3613.0
L374Y,2415.0
L374_,157.0
L383A,1895.0
L383C,3421.0
L383D,2175.0
L383E,2441.0
L383F,1992.0
L383G,4029.0
L383H,2730.0
L383I,942.0
L383K,25.0
L383M,1360.0
L383N,2916.0
L383P,3010.0
L383Q,3555.0
L383R,1804.0
L383S,3373.0
L383T,1793.0
L383V,2326.0
L383W,2532.0
L383Y,1435.0
L383_,2537.0
L40A,52.0
L40C,31.0
L40D,35.0
L40E,18.0
L40F,780.0
L40G,29.0
L40H,70.0
L40I,41.0
L40K,23.0
L40M,0.0
L40N,70.0
L40P,46.0
L40Q,128.0
L40R,18.0
L40S,1883.0
L40T,23.0
L40V,72.0
L40W,75.0
L40Y,1695.0
L40_,25.0
L42A,1425.0
L42C,1719.0
L42D,645.0
L42E,1230.0
L42F,439.0
L42G,2163.0
L42H,1417.0
L42I,1327.0
L42K,1331.0
L42M,1431.0
L42N,1242.0
L42P,29.0
L42Q,2179.0
L42R,1481.0
L42S,1632.0
L42T,4165.0
L42V,1263.0
L42W,422.0
L42Y,1200.0
L42_,11.0
L43A,19.0
L43C,103.0
L43D,15.0
L43E,515.0
L43F,620.0
L43G,71.0
L43H,34.0
L43I,25.0
L43K,142.0
L43M,516.0
L43N,150.0
L43P,8.0
L43Q,432.0
L43R,48.0
L43S,1869.0
L43T,159.0
L43V,2.0
L43W,5.0
L43Y,49.0
L43_,27.0
L49A,947.0
L49C,857.0
L49D,6.0
L49E,38.0
L49F,1219.0
L49G,264.0
L49H,818.0
L49I,1355.0
L49K,158.0
L49M,812.0
L49N,1276.0
L49P,48.0
L49Q,5109.0
L49R,19.0
L49S,1597.0
L49T,697.0
L49V,1400.0
L49W,765.0
L49Y,627.0
L49_,3.0
L61A,2200.0
L61C,1331.0
L61D,19.0
L61E,813.0
L61G,671.0
L61H,947.0
L61I,1283.0
L61K,469.0
L61M,1269.0
L61N,686.0
L61P,38.0
L61Q,743.0
L61R,278.0
L61S,1375.0
L61T,2973.0
L61V,721.0
L61W,1580.0
L61Y,1547.0
L61_,26.0
L65A,2225.0
L65C,2265.0
L65D,146.0
L65E,1061.0
L65F,2289.0
L65G,1313.0
L65H,2416.0
L65I,2339.0
L65K,329.0
L65M,1653.0
L65N,1801.0
L65P,102.0
L65Q,1085.0
L65R,2133.0
L65S,1397.0
L65T,137.0
L65V,291.0
L65W,1433.0
L65Y,2074.0
L65_,26.0
L69A,709.0
L69C,1800.0
L69D,626.0
L69E,215.0
L69F,1126.0
L69G,883.0
L69H,934.0
L69I,1026.0
L69K,1449.0
L69M,860.0
L69N,62.0
L69P,1328.0
L69Q,816.0
L69R,408.0
L69S,1112.0
L69T,1846.0
L69V,1552.0
L69W,9298.0
L69Y,1252.0
L69_,49.0
L75A,506.0
L75C,529.0
L75D,16.0
L75E,62.0
L75F,480.0
L75G,523.0
L75H,26.0
L75I,1096.0
L75K,14.0
L75M,427.0
L75N,44.0
L75P,60.0
L75Q,15.0
L75R,18.0
L75S,184.0
L75T,640.0
L75V,978.0
L75W,19.0
L75Y,251.0
L75_,34.0
L77A,420.0
L77C,694.0
L77D,378.0
L77E,197.0
L77F,853.0
L77G,530.0
L77H,513.0
L77I,25.0
L77K,23.0
L77M,519.0
L77N,350.0
L77P,58.0
L77Q,100.0
L77R,35.0
L77S,2946.0
L77T,442.0
L77V,67.0
L77W,361.0
L77Y,1908.0
L77_,8.0
L8A,1347.0
L8C,96.0
L8D,30.0
L8E,188.0
L8F,3.0
L8G,1429.0
L8H,1113.0
L8I,968.0
L8K,1428.0
L8M,1438.0
L8N,1053.0
L8P,914.0
L8Q,710.0
L8R,25.0
L8S,784.0
L8T,454.0
L8V,622.0
L8W,40.0
L8Y,662.0
L8_,64.0
L94A,869.0
L94C,1139.0
L94D,701.0
L94E,852.0
L94F,358.0
L94G,831.0
L94H,751.0
L94I,783.0
L94K,23.0
L94M,313.0
L94N,658.0
L94P,587.0
L94Q,1101.0
L94R,40.0
L94S,1160.0
L94T,1102.0
L94V,1006.0
L94W,23.0
L94Y,8.0
L94_,39.0
L96A,478.0
L96C,736.0
L96D,1019.0
L96E,721.0
L96F,1335.0
L96G,720.0
L96H,541.0
L96I,892.0
L96K,6.0
L96M,969.0
L96N,145.0
L96P,779.0
L96Q,446.0
L96R,25.0
L96S,351.0
L96T,616.0
L96V,975.0
L96W,1456.0
L96Y,652.0
L96_,20.0
M103A,679.0
M103C,576.0
M103D,15.0
M103E,12.0
M103F,743.0
M103G,605.0
M103H,259.0
M103I,673.0
M103K,21.0
M103L,1192.0
M103N,43.0
M103P,26.0
M103Q,118.0
M103R,10.0
M103S,546.0
M103T,483.0
M103V,916.0
M103W,656.0
M103Y,335.0
M103_,26.0
M107A,861.0
M107C,873.0
M107D,34.0
M107E,24.0
M107F,1221.0
M107G,777.0
M107H,546.0
M107I,18.0
M107K,48.0
M107L,553.0
M107N,469.0
M107P,7.0
M107Q,621.0
M107R,15.0
M107S,708.0
M107T,976.0
M107V,86.0
M107W,582.0
M107Y,777.0
M107_,10.0
M109A,30.0
M109C,26.0
M109D,121.0
M109E,122.0
M109F,302.0
M109G,485.0
M109H,618.0
M109I,15.0
M109K,27.0
M109L,404.0
M109N,613.0
M109P,14.0
M109Q,598.0
M109R,18.0
M109S,706.0
M109T,475.0
M109V,90.0
M109W,651.0
M109Y,692.0
M109_,21.0
M132A,730.0
M132C,405.0
M132D,15.0
M132E,27.0
M132F,987.0
M132G,79.0
M132H,2447.0
M132I,142.0
M132K,26.0
M132L,473.0
M132N,27.0
M132P,14.0
M132Q,499.0
M132R,21.0
M132S,119.0
M132T,95.0
M132V,113.0
M132W,27.0
M132Y,890.0
M132_,26.0
M150A,792.0
M150C,1038.0
M150D,6.0
M150E,889.0
M150F,662.0
M150G,282.0
M150H,531.0
M150I,750.0
M150K,13.0
M150L,465.0
M150N,560.0
M150P,74.0
M150Q,1441.0
M150R,28.0
M150S,880.0
M150T,823.0
M150V,566.0
M150W,175.0
M150Y,1552.0
M150_,28.0
M157A,1099.0
M157C,994.0
M157D,686.0
M157E,1180.0
M157F,160.0
M157G,1281.0
M157H,855.0
M157I,1962.0
M157K,1531.0
M157L,1612.0
M157N,980.0
M157P,516.0
M157Q,1310.0
M157R,667.0
M157S,1107.0
M157T,1542.0
M157V,839.0
M157W,915.0
M157Y,673.0
M157_,23.0
M172A,1663.0
M172C,770.0
M172D,243.0
M172E,1126.0
M172F,1636.0
M172G,1242.0
M172H,939.0
M172I,854.0
M172K,712.0
M172L,1472.0
M172N,1055.0
M172P,1618.0
M172Q,662.0
M172R,762.0
M172S,1243.0
M172T,650.0
M172V,982.0
M172W,732.0
M172Y,1193.0
M172_,20.0
M1A,25.0
M1C,28.0
M1D,47.0
M1E,39.0
M1F,29.0
M1G,12.0
M1H,49.0
M1I,30.0
M1K,14.0
M1L,25.0
M1N,32.0
M1P,17.0
M1Q,1.0
M1R,27.0
M1S,9.0
M1T,33.0
M1V,19.0
M1W,26.0
M1Y,30.0
M1_,27.0
M263A,1116.0
M263C,1993.0
M263D,3344.0
M263E,1516.0
M263F,1303.0
M263G,1023.0
M263H,1183.0
M263I,1946.0
M263K,10.0
M263L,2181.0
M263N,2255.0
M263P,1343.0
M263Q,1411.0
M263R,833.0
M263S,1443.0
M263T,1455.0
M263V,1185.0
M263W,2207.0
M263Y,2572.0
M263_,43.0
M296A,389.0
M296C,783.0
M296D,47.0
M296E,682.0
M296F,38.0
M296G,58.0
M296H,49.0
M296I,1133.0
M296K,29.0
M296L,2298.0
M296N,33.0
M296P,29.0
M296Q,2279.0
M296R,434.0
M296S,34.0
M296T,1011.0
M296V,48.0
M296W,22.0
M296Y,34.0
M296_,30.0
M308A,980.0
M308C,2051.0
M308D,20.0
M308E,44.0
M308F,1707.0
M308G,1705.0
M308H,58.0
M308I,551.0
M308K,102.0
M308L,1688.0
M308N,693.0
M308P,32.0
M308Q,1343.0
M308R,166.0
M308S,645.0
M308T,231.0
M308V,1618.0
M308W,433.0
M308Y,317.0
M308_,34.0
M338A,1847.0
M338C,2793.0
M338D,100.0
M338E,41.0
M338F,1420.0
M338G,1650.0
M338H,29.0
M338I,615.0
M338K,36.0
M338L,1146.0
M338N,66.0
M338P,37.0
M338Q,69.0
M338R,76.0
M338S,1605.0
M338T,1575.0
M338V,137.0
M338W,25.0
M338Y,65.0
M338_,24.0
M361A,49.0
M361C,294.0
M361D,45.0
M361E,931.0
M361F,823.0
M361G,101.0
M361H,119.0
M361I,461.0
M361K,48.0
M361L,366.0
M361N,48.0
M361P,58.0
M361Q,1031.0
M361R,58.0
M361S,15.0
M361T,86.0
M361V,191.0
M361W,39.0
M361Y,29.0
M361_,51.0
M388A,2089.0
M388C,1819.0
M388D,3576.0
M388E,1298.0
M388F,2249.0
M388G,2663.0
M388H,1315.0
M388I,1344.0
M388K,1830.0
M388L,1952.0
M388N,1947.0
M388P,2872.0
M388Q,4091.0
M388R,2344.0
M388S,2057.0
M388T,2465.0
M388V,2928.0
M388W,2057.0
M388Y,1757.0
M388_,3211.0
M52A,844.0
M52C,2107.0
M52D,6.0
M52E,44.0
M52F,308.0
M52G,122.0
M52H,36.0
M52I,221.0
M52K,31.0
M52L,755.0
M52N,50.0
M52P,25.0
M52Q,27.0
M52R,51.0
M52S,470.0
M52T,1220.0
M52V,2045.0
M52W,34.0
M52Y,11.0
M52_,107.0
M84A,571.0
M84C,1576.0
M84D,313.0
M84E,502.0
M84F,108.0
M84G,995.0
M84H,507.0
M84I,796.0
M84K,95.0
M84L,834.0
M84N,247.0
M84P,284.0
M84Q,703.0
M84R,41.0
M84S,1268.0
M84T,1663.0
M84V,890.0
M84W,10845.0
M84Y,741.0
M84_,38.0
M95A,623.0
M95C,2157.0
M95D,789.0
M95E,681.0
M95F,280.0
M95G,481.0
M95H,425.0
M95I,1439.0
M95K,364.0
M95L,730.0
M95N,626.0
M95P,465.0
M95Q,1235.0
M95R,151.0
M95S,1249.0
M95T,455.0
M95V,1175.0
M95W,581.0
M95Y,793.0
M95_,13.0
N11A,590.0
N11C,510.0
N11D,669.0
N11E,826.0
N11F,412.0
N11G,1003.0
N11H,122.0
N11I,374.0
N11K,426.0
N11L,270.0
N11M,997.0
N11P,345.0
N11Q,412.0
N11R,17.0
N11S,984.0
N11T,254.0
N11V,739.0
N11W,8.0
N11Y,1725.0
N11_,33.0
N128A,395.0
N128C,442.0
N128D,13.0
N128E,9.0
N128F,917.0
N128G,28.0
N128H,924.0
N128I,198.0
N128K,204.0
N128L,418.0
N128M,531.0
N128P,36.0
N128Q,382.0
N128R,880.0
N128S,800.0
N128T,420.0
N128V,419.0
N128Y,1270.0
N128_,23.0
N137A,34.0
N137C,22.0
N137D,8.0
N137E,30.0
N137F,24.0
N137G,5.0
N137H,42.0
N137I,14.0
N137K,34.0
N137L,12.0
N137M,14.0
N137P,14.0
N137Q,43.0
N137R,9.0
N137S,13.0
N137T,17.0
N137V,19.0
N137W,33.0
N137Y,33.0
N137_,22.0
N200A,1412.0
N200C,1695.0
N200D,2139.0
N200E,916.0
N200F,490.0
N200G,2012.0
N200H,868.0
N200I,1182.0
N200K,794.0
N200L,1411.0
N200M,1787.0
N200P,6032.0
N200Q,1625.0
N200R,1152.0
N200S,914.0
N200T,1133.0
N200V,1217.0
N200W,1816.0
N200Y,674.0
N200_,35.0
N234A,2335.0
N234C,1740.0
N234D,1982.0
N234E,2389.0
N234F,2461.0
N234G,1856.0
N234H,1515.0
N234I,1951.0
N234K,1311.0
N234L,2194.0
N234M,1705.0
N234P,2470.0
N234Q,2821.0
N234R,1631.0
N234S,1636.0
N234T,1083.0
N234V,1091.0
N234W,2840.0
N234Y,1840.0
N234_,44.0
N2A,1501.0
N2C,6.0
N2D,1598.0
N2E,905.0
N2F,1256.0
N2G,23.0
N2H,1468.0
N2I,1454.0
N2K,2348.0
N2L,23.0
N2M,36.0
N2P,1439.0
N2Q,1761.0
N2R,1528.0
N2S,49.0
N2T,1425.0
N2V,8.0
N2W,7.0
N2Y,798.0
N2_,22.0
N315A,2183.0
N315C,1769.0
N315D,589.0
N315E,1614.0
N315F,1407.0
N315G,299.0
N315H,2848.0
N315I,807.0
N315K,47.0
N315L,1067.0
N315M,1137.0
N315P,45.0
N315Q,154.0
N315R,38.0
N315S,2570.0
N315T,1614.0
N315V,2076.0
N315W,3792.0
N315Y,993.0
N315_,15.0
N319A,277.0
N319C,1278.0
N319D,2262.0
N319E,2985.0
N319F,115.0
N319G,1627.0
N319H,733.0
N319I,638.0
N319K,445.0
N319L,113.0
N319M,599.0
N319P,70.0
N319Q,1242.0
N319R,1360.0
N319S,3919.0
N319T,2418.0
N319V,1486.0
N319W,366.0
N319Y,252.0
N319_,57.0
N332A,877.0
N332C,1284.0
N332D,867.0
N332E,3385.0
N332F,30.0
N332G,89.0
N332H,1669.0
N332I,207.0
N332K,54.0
N332L,151.0
N332M,390.0
N332P,33.0
N332Q,1248.0
N332R,12.0
N332S,1170.0
N332T,319.0
N332V,951.0
N332W,23.0
N332Y,209.0
N332_,70.0
N340A,1168.0
N340C,864.0
N340D,1010.0
N340E,2750.0
N340F,37.0
N340G,2829.0
N340H,777.0
N340I,41.0
N340K,244.0
N340L,75.0
N340M,1101.0
N340P,87.0
N340Q,4464.0
N340R,13.0
N340T,2964.0
N340V,897.0
N340W,41.0
N340Y,653.0
N340_,54.0
N387A,2367.0
N387C,3475.0
N387D,3163.0
N387E,2665.0
N387F,1480.0
N387G,2430.0
N387H,2195.0
N387I,882.0
N387K,529.0
N387L,3113.0
N387M,3374.0
N387P,2649.0
N387Q,2669.0
N387R,2460.0
N387S,1934.0
N387T,2214.0
N387V,2750.0
N387W,2081.0
N387Y,1538.0
N387_,1780.0
N90A,440.0
N90C,360.0
N90D,700.0
N90E,1465.0
N90F,699.0
N90G,410.0
N90H,918.0
N90I,4535.0
N90K,445.0
N90L,849.0
N90M,374.0
N90P,549.0
N90Q,866.0
N90R,79.0
N90S,992.0
N90T,888.0
N90V,644.0
N90W,441.0
N90Y,488.0
N90_,34.0
P110A,28.0
P110C,21.0
P110D,18.0
P110E,26.0
P110F,32.0
P110G,13.0
P110H,34.0
P110I,51.0
P110K,30.0
P110L,40.0
P110M,11.0
P110N,15.0
P110Q,43.0
P110R,26.0
P110S,6.0
P110T,23.0
P110V,13.0
P110W,15.0
P110Y,37.0
P110_,4.0
P121A,1405.0
P121C,455.0
P121D,344.0
P121E,178.0
P121F,289.0
P121G,645.0
P121H,466.0
P121I,733.0
P121K,677.0
P121L,616.0
P121M,774.0
P121N,782.0
P121Q,719.0
P121R,1437.0
P121S,859.0
P121T,570.0
P121V,712.0
P121W,318.0
P121Y,688.0
P121_,21.0
P144A,31.0
P144C,32.0
P144D,14.0
P144E,19.0
P144F,42.0
P144G,6.0
P144H,20.0
P144I,47.0
P144K,30.0
P144L,17.0
P144M,31.0
P144N,10.0
P144Q,34.0
P144R,14.0
P144S,10.0
P144T,8.0
P144V,28.0
P144W,28.0
P144Y,45.0
P144_,39.0
P158A,1607.0
P158C,1190.0
P158D,1230.0
P158E,1435.0
P158F,23.0
P158G,1267.0
P158H,383.0
P158I,219.0
P158K,19.0
P158L,70.0
P158M,365.0
P158N,1206.0
P158Q,164.0
P158R,27.0
P158S,3120.0
P158T,586.0
P158V,1648.0
P158W,35.0
P158Y,31.0
P158_,20.0
P180A,999.0
P180C,744.0
P180D,1012.0
P180E,1479.0
P180F,1595.0
P180G,1374.0
P180H,1475.0
P180I,1022.0
P180K,1940.0
P180L,1439.0
P180M,2761.0
P180N,1221.0
P180Q,731.0
P180R,1231.0
P180S,1096.0
P180T,684.0
P180V,1388.0
P180W,691.0
P180Y,1746.0
P180_,27.0
P193A,1008.0
P193C,884.0
P193D,2319.0
P193E,1390.0
P193F,97.0
P193G,1488.0
P193H,1491.0
P193I,147.0
P193K,331.0
P193L,167.0
P193M,480.0
P193N,1875.0
P193Q,815.0
P193R,928.0
P193S,1240.0
P193T,2133.0
P193V,759.0
P193W,15.0
P193Y,980.0
P193_,45.0
P207A,140.0
P207C,10.0
P207D,10.0
P207E,13.0
P207F,96.0
P207G,171.0
P207H,32.0
P207I,826.0
P207K,19.0
P207L,34.0
P207M,220.0
P207N,51.0
P207Q,25.0
P207R,24.0
P207S,11.0
P207T,97.0
P207V,152.0
P207W,29.0
P207Y,22.0
P207_,17.0
P237A,2406.0
P237C,1005.0
P237D,46.0
P237E,98.0
P237F,249.0
P237G,1835.0
P237H,708.0
P237I,32.0
P237K,76.0
P237L,40.0
P237M,158.0
P237N,41.0
P237Q,25.0
P237R,51.0
P237S,1432.0
P237T,404.0
P237V,1077.0
P237W,48.0
P237Y,388.0
P237_,54.0
P24A,924.0
P24C,490.0
P24D,18.0
P24E,24.0
P24F,37.0
P24G,33.0
P24H,19.0
P24I,8.0
P24K,4.0
P24L,22.0
P24M,52.0
P24N,56.0
P24Q,17.0
P24R,5.0
P24S,473.0
P24T,665.0
P24V,789.0
P24W,12.0
P24Y,13.0
P24_,18.0
P27A,79.0
P27C,12.0
P27D,18.0
P27E,34.0
P27F,20.0
P27G,28.0
P27H,9.0
P27I,47.0
P27K,18.0
P27L,17.0
P27M,41.0
P27N,59.0
P27Q,34.0
P27R,47.0
P27S,13.0
P27T,33.0
P27V,30.0
P27W,31.0
P27Y,84.0
P27_,1.0
P311A,34.0
P311C,51.0
P311D,34.0
P311E,46.0
P311F,15.0
P311G,51.0
P311H,90.0
P311I,55.0
P311K,34.0
P311L,114.0
P311M,47.0
P311N,78.0
P311Q,55.0
P311R,41.0
P311S,32.0
P311T,308.0
P311V,170.0
P311W,95.0
P311Y,82.0
P311_,32.0
P344A,656.0
P344C,188.0
P344D,350.0
P344E,60.0
P344F,48.0
P344G,335.0
P344H,36.0
P344I,26.0
P344K,22.0
P344L,31.0
P344M,26.0
P344N,152.0
P344R,42.0
P344S,371.0
P344T,220.0
P344V,42.0
P344W,23.0
P344Y,32.0
P344_,47.0
P358A,1442.0
P358C,333.0
P358D,46.0
P358E,70.0
P358F,162.0
P358G,32.0
P358H,378.0
P358I,677.0
P358K,31.0
P358L,24.0
P358M,223.0
P358N,37.0
P358Q,261.0
P358R,42.0
P358S,282.0
P358T,35.0
P358V,269.0
P358W,41.0
P358Y,49.0
P358_,81.0
P56A,56.0
P56C,79.0
P56D,31.0
P56E,17.0
P56F,20.0
P56I,340.0
P56K,17.0
P56L,39.0
P56M,1529.0
P56N,58.0
P56Q,9.0
P56R,25.0
P56S,43.0
P56T,22.0
P56V,601.0
P56W,16.0
P56Y,72.0
P56_,1.0
Q124A,375.0
Q124C,1062.0
Q124D,525.0
Q124E,1038.0
Q124F,90.0
Q124G,456.0
Q124H,758.0
Q124I,247.0
Q124K,591.0
Q124L,861.0
Q124M,675.0
Q124N,2346.0
Q124P,18.0
Q124R,526.0
Q124S,1245.0
Q124T,503.0
Q124V,889.0
Q124W,18.0
Q124Y,454.0
Q124_,15.0
Q189A,1183.0
Q189C,1100.0
Q189D,132.0
Q189E,1209.0
Q189F,838.0
Q189G,2206.0
Q189H,833.0
Q189I,260.0
Q189K,1595.0
Q189L,2582.0
Q189M,1421.0
Q189N,343.0
Q189P,1113.0
Q189R,1539.0
Q189S,684.0
Q189T,1233.0
Q189V,1705.0
Q189W,213.0
Q189Y,962.0
Q189_,35.0
Q194A,1727.0
Q194C,1538.0
Q194D,1586.0
Q194E,1167.0
Q194F,1143.0
Q194G,981.0
Q194H,901.0
Q194I,265.0
Q194K,717.0
Q194L,1103.0
Q194M,1260.0
Q194N,947.0
Q194P,334.0
Q194R,1712.0
Q194S,2018.0
Q194T,323.0
Q194V,253.0
Q194W,392.0
Q194Y,1099.0
Q194_,48.0
Q255A,1852.0
Q255C,1267.0
Q255D,187.0
Q255E,36.0
Q255F,108.0
Q255G,2078.0
Q255H,200.0
Q255I,1152.0
Q255K,48.0
Q255L,759.0
Q255M,2783.0
Q255N,1650.0
Q255P,538.0
Q255R,73.0
Q255S,1456.0
Q255T,2048.0
Q255V,1760.0
Q255W,43.0
Q255Y,16.0
Q255_,47.0
Q325A,29.0
Q325C,47.0
Q325D,54.0
Q325E,44.0
Q325F,50.0
Q325G,70.0
Q325H,44.0
Q325I,19.0
Q325K,55.0
Q325L,57.0
Q325M,60.0
Q325N,54.0
Q325P,52.0
Q325R,89.0
Q325S,1119.0
Q325T,803.0
Q325V,34.0
Q325W,70.0
Q325Y,24.0
Q325_,33.0
Q378A,1683.0
Q378C,2926.0
Q378D,9810.0
Q378E,2463.0
Q378F,1566.0
Q378G,1963.0
Q378H,2378.0
Q378I,1405.0
Q378K,1456.0
Q378L,1596.0
Q378M,3766.0
Q378N,2554.0
Q378P,3154.0
Q378R,1870.0
Q378S,2164.0
Q378T,1415.0
Q378V,1350.0
Q378W,1777.0
Q378Y,1219.0
Q378_,1072.0
Q386A,2344.0
Q386C,1876.0
Q386D,2835.0
Q386E,2357.0
Q386F,3109.0
Q386G,1550.0
Q386H,1903.0
Q386I,2412.0
Q386K,3454.0
Q386L,3461.0
Q386M,2656.0
Q386N,2988.0
Q386P,2722.0
Q386R,1919.0
Q386S,2248.0
Q386T,2964.0
Q386V,1720.0
Q386W,2513.0
Q386Y,1582.0
Q386_,1682.0
Q4A,978.0
Q4C,1387.0
Q4D,834.0
Q4E,1805.0
Q4F,759.0
Q4G,16.0
Q4H,1183.0
Q4I,1889.0
Q4K,1306.0
Q4L,582.0
Q4M,927.0
Q4N,851.0
Q4P,524.0
Q4R,932.0
Q4S,624.0
Q4T,1066.0
Q4V,1905.0
Q4W,25.0
Q4Y,1204.0
Q4_,51.0
Q51A,364.0
Q51C,694.0
Q51D,24.0
Q51E,2646.0
Q51F,60.0
Q51G,304.0
Q51H,49.0
Q51I,10.0
Q51K,15.0
Q51L,11.0
Q51M,31.0
Q51N,813.0
Q51P,11.0
Q51R,13.0
Q51S,1503.0
Q51T,720.0
Q51V,19.0
Q51W,85.0
Q51Y,24.0
Q51_,32.0
R156A,104.0
R156C,190.0
R156D,59.0
R156E,46.0
R156F,338.0
R156G,19.0
R156H,403.0
R156I,717.0
R156K,252.0
R156L,246.0
R156M,210.0
R156N,53.0
R156P,39.0
R156Q,91.0
R156S,153.0
R156T,203.0
R156V,535.0
R156W,190.0
R156Y,188.0
R156_,40.0
R310A,467.0
R310C,196.0
R310D,585.0
R310E,199.0
R310F,223.0
R310G,5171.0
R310H,941.0
R310I,53.0
R310K,4262.0
R310L,333.0
R310M,1245.0
R310N,1533.0
R310P,58.0
R310Q,675.0
R310S,1661.0
R310T,954.0
R310V,321.0
R310W,46.0
R310Y,78.0
R310_,22.0
R324A,607.0
R324C,616.0
R324D,41.0
R324E,61.0
R324F,792.0
R324G,119.0
R324H,1005.0
R324I,22.0
R324K,1673.0
R324L,1456.0
R324M,722.0
R324N,1440.0
R324P,118.0
R324Q,2092.0
R324S,415.0
R324T,72.0
R324V,146.0
R324W,220.0
R324Y,260.0
R324_,36.0
R380A,2001.0
R380C,2146.0
R380D,2097.0
R380E,3583.0
R380F,2450.0
R380G,2645.0
R380H,2047.0
R380I,2713.0
R380K,2036.0
R380L,2263.0
R380M,3397.0
R380N,1456.0
R380P,1366.0
R380Q,1706.0
R380S,2872.0
R380T,2771.0
R380V,1660.0
R380W,1632.0
R380Y,828.0
R380_,1365.0
R98A,9.0
R98C,25.0
R98D,17.0
R98E,16.0
R98F,13.0
R98G,24.0
R98H,10.0
R98I,21.0
R98K,27.0
R98L,38.0
R98M,26.0
R98N,14.0
R98P,19.0
R98Q,31.0
R98T,19.0
R98V,40.0
R98W,22.0
R98Y,21.0
R98_,32.0
S104A,779.0
S104C,54.0
S104D,33.0
S104E,10.0
S104F,250.0
S104G,766.0
S104H,52.0
S104I,11.0
S104K,25.0
S104L,15.0
S104M,192.0
S104N,388.0
S104P,18.0
S104Q,76.0
S104R,24.0
S104T,20.0
S104V,13.0
S104W,9.0
S104Y,138.0
S104_,17.0
S120A,85.0
S120C,316.0
S120D,11.0
S120E,17.0
S120F,129.0
S120G,186.0
S120H,311.0
S120I,347.0
S120K,24.0
S120L,97.0
S120M,29.0
S120N,9.0
S120P,23.0
S120Q,372.0
S120R,16.0
S120T,1170.0
S120V,383.0
S120W,19.0
S120Y,11.0
S120_,33.0
S122A,1655.0
S122C,773.0
S122D,260.0
S122E,702.0
S122F,650.0
S122G,588.0
S122H,1467.0
S122I,1692.0
S122K,561.0
S122L,1765.0
S122M,651.0
S122N,893.0
S122P,766.0
S122Q,635.0
S122R,739.0
S122T,1834.0
S122V,777.0
S122W,621.0
S122Y,651.0
S122_,18.0
S133A,653.0
S133C,315.0
S133D,196.0
S133E,1146.0
S133F,42.0
S133G,516.0
S133H,17.0
S133I,35.0
S133K,1.0
S133L,14.0
S133M,521.0
S133N,273.0
S133P,13.0
S133Q,43.0
S133R,12.0
S133T,32.0
S133V,22.0
S133W,24.0
S133Y,15.0
S133_,28.0
S138A,2068.0
S138C,1248.0
S138D,8.0
S138E,24.0
S138F,633.0
S138G,346.0
S138H,11.0
S138I,1223.0
S138K,26.0
S138L,500.0
S138M,1048.0
S138N,17.0
S138P,24.0
S138Q,22.0
S138R,27.0
S138T,862.0
S138V,1809.0
S138W,12.0
S138Y,123.0
S138_,33.0
S154A,363.0
S154C,762.0
S154D,620.0
S154E,3238.0
S154F,438.0
S154G,156.0
S154H,528.0
S154I,933.0
S154K,96.0
S154L,683.0
S154M,531.0
S154N,935.0
S154P,13.0
S154Q,362.0
S154R,20.0
S154T,639.0
S154V,524.0
S154W,185.0
S154Y,199.0
S154_,29.0
S173A,1130.0
S173C,605.0
S173D,798.0
S173E,645.0
S173F,397.0
S173G,527.0
S173H,601.0
S173I,344.0
S173K,623.0
S173L,816.0
S173M,575.0
S173N,313.0
S173P,340.0
S173Q,722.0
S173R,43.0
S173T,405.0
S173V,769.0
S173W,33.0
S173Y,175.0
S173_,12.0
S183A,905.0
S183C,1438.0
S183D,1592.0
S183E,836.0
S183F,1705.0
S183G,1566.0
S183H,1910.0
S183I,2792.0
S183K,941.0
S183L,1573.0
S183M,861.0
S183N,3244.0
S183P,821.0
S183Q,818.0
S183R,1730.0
S183T,950.0
S183V,1330.0
S183W,856.0
S183Y,979.0
S183_,38.0
S186A,1501.0
S186C,1249.0
S186D,2212.0
S186E,1805.0
S186F,808.0
S186G,1206.0
S186H,1108.0
S186I,1146.0
S186K,2158.0
S186L,1613.0
S186M,1397.0
S186N,1723.0
S186P,1331.0
S186Q,1822.0
S186R,1056.0
S186T,2888.0
S186V,1892.0
S186W,1136.0
S186Y,1496.0
S186_,42.0
S219A,797.0
S219C,920.0
S219D,733.0
S219E,958.0
S219F,334.0
S219G,907.0
S219H,1045.0
S219I,25.0
S219K,18.0
S219L,71.0
S219M,49.0
S219N,1556.0
S219P,18.0
S219Q,742.0
S219R,11.0
S219T,2479.0
S219V,318.0
S219W,38.0
S219Y,767.0
S219_,32.0
S226A,1519.0
S226C,1332.0
S226D,36.0
S226E,122.0
S226F,16.0
S226G,396.0
S226H,71.0
S226I,126.0
S226K,37.0
S226L,20.0
S226M,46.0
S226N,49.0
S226P,82.0
S226Q,37.0
S226R,70.0
S226T,1686.0
S226V,328.0
S226W,44.0
S226Y,12.0
S226_,28.0
S230A,1428.0
S230C,2221.0
S230D,1665.0
S230E,968.0
S230F,1059.0
S230G,754.0
S230H,1010.0
S230I,887.0
S230K,121.0
S230L,2114.0
S230M,1822.0
S230N,885.0
S230P,39.0
S230Q,1659.0
S230R,291.0
S230T,1390.0
S230V,1204.0
S230W,732.0
S230Y,1252.0
S230_,16.0
S236A,2470.0
S236C,1188.0
S236D,979.0
S236E,1999.0
S236F,1325.0
S236G,1441.0
S236H,2307.0
S236I,1606.0
S236K,2405.0
S236L,2231.0
S236M,1492.0
S236N,2293.0
S236P,570.0
S236Q,2369.0
S236R,873.0
S236T,745.0
S236V,2028.0
S236W,1570.0
S236Y,1563.0
S236_,35.0
S241A,1361.0
S241C,1906.0
S241D,31.0
S241E,31.0
S241F,77.0
S241G,105.0
S241H,50.0
S241I,66.0
S241K,41.0
S241L,19.0
S241M,217.0
S241N,51.0
S241P,28.0
S241Q,38.0
S241R,26.0
S241T,1304.0
S241V,48.0
S241W,58.0
S241Y,56.0
S241_,32.0
S267A,2998.0
S267C,2760.0
S267D,2030.0
S267E,2002.0
S267F,1935.0
S267G,1463.0
S267H,4656.0
S267I,1675.0
S267K,1500.0
S267L,1150.0
S267M,1200.0
S267N,1497.0
S267P,3057.0
S267Q,2162.0
S267R,1662.0
S267T,2684.0
S267V,1249.0
S267W,2000.0
S267Y,1769.0
S267_,41.0
S275A,1953.0
S275C,1758.0
S275D,200.0
S275E,67.0
S275F,1465.0
S275G,658.0
S275H,3306.0
S275I,38.0
S275K,1981.0
S275L,2399.0
S275M,1336.0
S275N,2069.0
S275P,227.0
S275Q,1227.0
S275R,50.0
S275T,633.0
S275V,35.0
S275W,785.0
S275Y,841.0
S275_,62.0
S279A,171.0
S279C,86.0
S279D,22.0
S279E,1724.0
S279F,66.0
S279G,553.0
S279H,55.0
S279I,74.0
S279K,21.0
S279L,73.0
S279M,46.0
S279N,163.0
S279P,22.0
S279Q,170.0
S279R,43.0
S279T,45.0
S279V,28.0
S279W,25.0
S279Y,21.0
S279_,53.0
S299A,22.0
S299C,30.0
S299D,8.0
S299E,104.0
S299F,45.0
S299G,50.0
S299H,27.0
S299I,108.0
S299K,57.0
S299L,1031.0
S299M,613.0
S299N,48.0
S299P,73.0
S299Q,40.0
S299R,16.0
S299T,119.0
S299V,15.0
S299W,45.0
S299Y,68.0
S299_,68.0
S318A,35.0
S318C,88.0
S318D,48.0
S318E,29.0
S318F,68.0
S318G,51.0
S318H,76.0
S318I,46.0
S318K,25.0
S318L,26.0
S318M,27.0
S318N,35.0
S318P,55.0
S318Q,109.0
S318T,42.0
S318V,48.0
S318W,17.0
S318Y,10.0
S318_,44.0
S333A,785.0
S333C,886.0
S333D,25.0
S333E,1588.0
S333F,57.0
S333G,1797.0
S333H,212.0
S333I,47.0
S333K,36.0
S333L,68.0
S333M,73.0
S333N,259.0
S333P,19.0
S333Q,167.0
S333R,97.0
S333T,93.0
S333V,48.0
S333W,3358.0
S333Y,302.0
S333_,21.0
S337A,2225.0
S337C,39.0
S337D,39.0
S337E,49.0
S337F,83.0
S337G,1683.0
S337H,70.0
S337I,22.0
S337K,27.0
S337L,35.0
S337M,51.0
S337N,34.0
S337P,54.0
S337Q,41.0
S337R,26.0
S337T,228.0
S337V,45.0
S337W,55.0
S337Y,47.0
S337_,69.0
S366A,1077.0
S366C,2000.0
S366D,65.0
S366E,51.0
S366F,29.0
S366G,811.0
S366H,42.0
S366I,19.0
S366K,80.0
S366L,74.0
S366M,38.0
S366N,62.0
S366P,70.0
S366Q,28.0
S366R,31.0
S366T,427.0
S366V,49.0
S366W,18.0
S366Y,22.0
S366_,52.0
S38A,933.0
S38C,397.0
S38D,54.0
S38E,1610.0
S38F,300.0
S38G,1237.0
S38H,1191.0
S38I,436.0
S38K,1651.0
S38L,158.0
S38M,1279.0
S38N,1534.0
S38P,451.0
S38Q,2857.0
S38R,932.0
S38T,1055.0
S38V,501.0
S38W,1115.0
S38Y,1280.0
S38_,22.0
S50A,619.0
S50C,721.0
S50D,207.0
S50E,9.0
S50F,623.0
S50G,208.0
S50H,454.0
S50I,108.0
S50K,166.0
S50L,225.0
S50M,603.0
S50N,1131.0
S50P,52.0
S50Q,485.0
S50R,48.0
S50T,1160.0
S50V,238.0
S50W,628.0
S50Y,9.0
S50_,24.0
S55A,65.0
S55C,57.0
S55D,48.0
S55E,19.0
S55F,15.0
S55G,465.0
S55H,11.0
S55I,23.0
S55K,27.0
S55L,27.0
S55M,22.0
S55N,40.0
S55P,22.0
S55Q,44.0
S55R,30.0
S55T,46.0
S55V,26.0
S55W,37.0
S55Y,19.0
S55_,38.0
S79A,900.0
S79C,325.0
S79D,24.0
S79E,317.0
S79F,784.0
S79G,567.0
S79H,653.0
S79I,50.0
S79K,26.0
S79L,64.0
S79M,221.0
S79N,9.0
S79P,178.0
S79Q,809.0
S79R,10.0
S79T,87.0
S79V,227.0
S79W,548.0
S79Y,642.0
S79_,11.0
S81A,624.0
S81C,1236.0
S81D,482.0
S81E,995.0
S81F,652.0
S81G,702.0
S81H,283.0
S81I,19.0
S81K,36.0
S81L,3.0
S81M,759.0
S81N,1347.0
S81P,29.0
S81Q,711.0
S81R,32.0
S81T,535.0
S81V,187.0
S81W,759.0
S81Y,810.0
S81_,15.0
S92A,4116.0
S92C,589.0
S92D,2016.0
S92E,1818.0
S92F,1012.0
S92G,1054.0
S92H,431.0
S92I,1334.0
S92K,239.0
S92L,720.0
S92M,908.0
S92N,454.0
S92P,601.0
S92Q,568.0
S92R,64.0
S92T,378.0
S92V,994.0
S92W,591.0
S92Y,656.0
S92_,16.0
S97A,1048.0
S97C,74.0
S97D,24.0
S97E,17.0
S97F,15.0
S97G,615.0
S97H,1282.0
S97I,60.0
S97K,27.0
S97L,12.0
S97M,17.0
S97N,60.0
S97P,12.0
S97Q,177.0
S97R,7.0
S97T,318.0
S97V,164.0
S97W,15.0
S97Y,14.0
S97_,9.0
T113A,89.0
T113C,226.0
T113D,403.0
T113E,312.0
T113F,63.0
T113G,32.0
T113H,403.0
T113I,406.0
T113K,10.0
T113L,261.0
T113M,146.0
T113N,127.0
T113P,101.0
T113Q,133.0
T113R,18.0
T113S,164.0
T113V,187.0
T113W,181.0
T113Y,520.0
T113_,15.0
T184A,2299.0
T184C,1595.0
T184D,1605.0
T184E,1330.0
T184F,1353.0
T184G,1615.0
T184H,950.0
T184I,1690.0
T184K,1942.0
T184L,1577.0
T184M,528.0
T184N,1742.0
T184P,1361.0
T184Q,1308.0
T184R,937.0
T184S,1222.0
T184V,1291.0
T184W,1833.0
T184Y,1566.0
T184_,49.0
T185A,1974.0
T185C,990.0
T185D,1402.0
T185E,1118.0
T185F,1206.0
T185G,1331.0
T185H,591.0
T185I,1796.0
T185K,707.0
T185L,1192.0
T185M,1621.0
T185N,816.0
T185P,1897.0
T185Q,2247.0
T185R,2234.0
T185S,3118.0
T185V,1530.0
T185W,1343.0
T185Y,648.0
T185_,13.0
T197A,1806.0
T197C,1304.0
T197D,1443.0
T197E,2194.0
T197F,451.0
T197G,1577.0
T197H,923.0
T197I,1329.0
T197K,943.0
T197L,1099.0
T197M,1047.0
T197N,1232.0
T197P,1366.0
T197Q,1390.0
T197R,2958.0
T197S,705.0
T197V,1276.0
T197W,519.0
T197Y,3276.0
T197_,19.0
T206A,1404.0
T206C,1016.0
T206D,105.0
T206E,72.0
T206F,746.0
T206G,662.0
T206H,929.0
T206I,919.0
T206K,672.0
T206L,347.0
T206M,1019.0
T206N,73.0
T206P,1063.0
T206Q,739.0
T206R,89.0
T206S,1291.0
T206V,1133.0
T206W,350.0
T206Y,1424.0
T206_,14.0
T211A,1860.0
T211C,1711.0
T211D,10.0
T211E,29.0
T211F,26.0
T211G,453.0
T211H,42.0
T211I,111.0
T211K,7.0
T211L,42.0
T211M,15.0
T211N,138.0
T211P,47.0
T211Q,131.0
T211R,44.0
T211S,1931.0
T211V,1941.0
T211W,27.0
T211Y,76.0
T211_,54.0
T223A,1037.0
T223C,1808.0
T223D,765.0
T223E,94.0
T223F,34.0
T223G,1702.0
T223H,519.0
T223I,317.0
T223K,16.0
T223L,30.0
T223M,1412.0
T223N,388.0
T223P,531.0
T223Q,385.0
T223R,44.0
T223S,1277.0
T223V,1393.0
T223W,10.0
T223Y,557.0
T223_,26.0
T229A,908.0
T229C,375.0
T229D,29.0
T229E,144.0
T229F,1222.0
T229G,107.0
T229H,9.0
T229I,651.0
T229K,47.0
T229L,462.0
T229M,344.0
T229N,30.0
T229P,32.0
T229Q,66.0
T229R,25.0
T229S,52.0
T229V,827.0
T229W,24.0
T229Y,227.0
T229_,22.0
T245A,1386.0
T245C,1093.0
T245D,92.0
T245E,1525.0
T245F,91.0
T245G,651.0
T245H,35.0
T245I,1653.0
T245K,32.0
T245L,863.0
T245M,1946.0
T245N,13.0
T245P,814.0
T245Q,1403.0
T245R,60.0
T245S,3089.0
T245V,1609.0
T245W,63.0
T245Y,42.0
T245_,49.0
T270A,2035.0
T270C,1952.0
T270D,2013.0
T270E,17386.0
T270F,1745.0
T270G,1713.0
T270H,1438.0
T270I,617.0
T270K,2510.0
T270L,1197.0
T270M,1869.0
T270N,3714.0
T270P,1595.0
T270Q,1321.0
T270R,1671.0
T270S,1346.0
T270V,2145.0
T270W,2021.0
T270Y,3143.0
T270_,52.0
T294A,1683.0
T294C,1044.0
T294D,2303.0
T294E,2315.0
T294F,5169.0
T294G,2706.0
T294H,2246.0
T294I,1572.0
T294K,10230.0
T294L,1760.0
T294M,1449.0
T294N,599.0
T294P,1368.0
T294Q,2160.0
T294R,774.0
T294S,2189.0
T294V,1690.0
T294W,1736.0
T294Y,2709.0
T294_,28.0
T314A,1488.0
T314C,1708.0
T314D,1750.0
T314E,143.0
T314F,1146.0
T314G,357.0
T314H,1282.0
T314I,2686.0
T314K,22.0
T314L,2180.0
T314M,1441.0
T314N,247.0
T314P,39.0
T314Q,2642.0
T314R,33.0
T314S,1144.0
T314V,2878.0
T314W,370.0
T314Y,609.0
T314_,57.0
T334A,3397.0
T334C,3868.0
T334D,51.0
T334E,53.0
T334F,15804.0
T334G,1418.0
T334H,30.0
T334I,1234.0
T334K,32.0
T334L,1400.0
T334M,2452.0
T334N,61.0
T334P,31.0
T334Q,38.0
T334R,46.0
T334S,2185.0
T334V,259.0
T334W,63.0
T334Y,43.0
T334_,17.0
T336A,3543.0
T336C,1495.0
T336D,1843.0
T336E,2764.0
T336F,828.0
T336G,1742.0
T336H,3078.0
T336I,187.0
T336K,42.0
T336L,682.0
T336M,1625.0
T336N,1486.0
T336P,28.0
T336Q,1530.0
T336R,582.0
T336S,4221.0
T336V,1186.0
T336W,2354.0
T336Y,3088.0
T336_,40.0
T36A,1750.0
T36C,1407.0
T36D,485.0
T36E,1035.0
T36F,1541.0
T36G,1005.0
T36H,1255.0
T36I,2131.0
T36K,1381.0
T36L,1096.0
T36M,403.0
T36N,1712.0
T36P,16.0
T36Q,1896.0
T36R,20.0
T36S,1989.0
T36V,2410.0
T36W,1573.0
T36Y,1010.0
T36_,5.0
T60A,1023.0
T60C,2080.0
T60D,2255.0
T60E,1342.0
T60F,1117.0
T60G,2140.0
T60H,1313.0
T60I,2208.0
T60K,1348.0
T60L,1818.0
T60M,1090.0
T60N,1257.0
T60P,18.0
T60Q,734.0
T60R,681.0
T60S,1418.0
T60V,432.0
T60W,665.0
T60Y,1266.0
T60_,21.0
V108A,801.0
V108C,763.0
V108D,29.0
V108E,17.0
V108F,37.0
V108G,298.0
V108H,191.0
V108I,1349.0
V108K,30.0
V108L,806.0
V108M,1218.0
V108N,431.0
V108P,34.0
V108Q,727.0
V108R,16.0
V108S,485.0
V108T,514.0
V108W,9.0
V108Y,15.0
V108_,26.0
V112A,560.0
V112C,22.0
V112D,12.0
V112E,399.0
V112F,14.0
V112G,210.0
V112H,653.0
V112I,650.0
V112K,48.0
V112L,820.0
V112M,672.0
V112N,213.0
V112P,8.0
V112Q,730.0
V112R,14.0
V112S,82.0
V112T,1054.0
V112W,15.0
V112Y,32.0
V112_,15.0
V119A,999.0
V119C,810.0
V119D,486.0
V119E,642.0
V119F,1284.0
V119G,808.0
V119H,439.0
V119I,510.0
V119K,726.0
V119L,803.0
V119M,1066.0
V119N,963.0
V119P,16.0
V119Q,685.0
V119R,343.0
V119S,757.0
V119T,641.0
V119W,543.0
V119Y,576.0
V119_,10.0
V153A,280.0
V153C,1083.0
V153D,579.0
V153E,794.0
V153F,713.0
V153G,1039.0
V153H,1035.0
V153I,1226.0
V153K,389.0
V153L,1175.0
V153M,1209.0
V153N,1122.0
V153P,452.0
V153Q,953.0
V153R,973.0
V153S,1331.0
V153T,869.0
V153W,404.0
V153Y,1037.0
V153_,31.0
V174A,1542.0
V174C,1752.0
V174D,1347.0
V174E,1715.0
V174F,2266.0
V174G,1687.0
V174H,583.0
V174I,963.0
V174K,1012.0
V174L,1612.0
V174M,1807.0
V174N,2742.0
V174P,703.0
V174Q,860.0
V174R,598.0
V174S,1310.0
V174T,1706.0
V174W,1574.0
V174Y,1260.0
V174_,19.0
V175A,698.0
V175C,1428.0
V175D,1076.0
V175E,1140.0
V175F,1474.0
V175G,1537.0
V175H,1216.0
V175I,975.0
V175K,1825.0
V175L,1146.0
V175M,1097.0
V175N,2052.0
V175P,2026.0
V175Q,540.0
V175R,2004.0
V175S,1883.0
V175T,1256.0
V175W,1309.0
V175Y,680.0
V175_,23.0
V203A,1086.0
V203C,2154.0
V203D,1845.0
V203E,817.0
V203F,971.0
V203G,939.0
V203H,1138.0
V203I,8358.0
V203K,521.0
V203L,1268.0
V203M,1097.0
V203N,1422.0
V203P,1597.0
V203Q,1347.0
V203R,1855.0
V203S,1739.0
V203T,1434.0
V203W,1112.0
V203Y,1097.0
V203_,28.0
V213A,654.0
V213C,2564.0
V213D,487.0
V213E,156.0
V213F,578.0
V213G,34.0
V213H,24.0
V213I,801.0
V213K,40.0
V213L,2501.0
V213M,336.0
V213N,794.0
V213P,37.0
V213Q,45.0
V213R,84.0
V213S,524.0
V213T,1065.0
V213W,258.0
V213Y,38.0
V213_,23.0
V22A,293.0
V22C,1070.0
V22D,21.0
V22E,84.0
V22F,18.0
V22G,1605.0
V22H,163.0
V22I,445.0
V22K,51.0
V22L,190.0
V22M,170.0
V22N,204.0
V22P,25.0
V22Q,210.0
V22R,170.0
V22S,321.0
V22T,1207.0
V22W,13.0
V22Y,176.0
V22_,7.0
V233A,8098.0
V233C,2545.0
V233D,140.0
V233E,1333.0
V233F,559.0
V233G,1628.0
V233H,344.0
V233I,1629.0
V233K,797.0
V233L,841.0
V233M,1856.0
V233N,524.0
V233P,84.0
V233Q,1343.0
V233R,2128.0
V233S,5093.0
V233T,1754.0
V233W,513.0
V233Y,2253.0
V233_,46.0
V25A,852.0
V25C,694.0
V25D,1289.0
V25E,303.0
V25F,19.0
V25G,705.0
V25H,1246.0
V25I,300.0
V25K,25.0
V25L,27.0
V25M,16.0
V25N,461.0
V25P,115.0
V25Q,44.0
V25R,19.0
V25S,963.0
V25T,856.0
V25W,32.0
V25Y,22.0
V25_,32.0
V280A,607.0
V280C,956.0
V280D,281.0
V280E,1754.0
V280F,3128.0
V280G,471.0
V280H,655.0
V280I,1355.0
V280K,637.0
V280L,3115.0
V280M,1863.0
V280N,467.0
V280P,36.0
V280Q,516.0
V280R,37.0
V280S,227.0
V280T,1927.0
V280W,3062.0
V280Y,23.0
V280_,44.0
V282A,42.0
V282C,117.0
V282D,38.0
V282E,35.0
V282F,298.0
V282G,41.0
V282H,34.0
V282I,1474.0
V282K,55.0
V282L,843.0
V282M,1380.0
V282N,107.0
V282P,602.0
V282Q,517.0
V282R,38.0
V282S,29.0
V282T,159.0
V282W,314.0
V282Y,64.0
V282_,42.0
V284A,1947.0
V284C,1608.0
V284D,1209.0
V284E,989.0
V284F,1369.0
V284G,592.0
V284H,1301.0
V284I,948.0
V284K,397.0
V284L,3627.0
V284M,1717.0
V284N,1965.0
V284P,36.0
V284Q,921.0
V284R,52.0
V284S,1957.0
V284T,1424.0
V284W,1219.0
V284Y,488.0
V284_,15.0
V287A,2386.0
V287C,1867.0
V287D,2290.0
V287E,3072.0
V287F,1998.0
V287G,2049.0
V287H,1704.0
V287I,2970.0
V287K,1531.0
V287L,2295.0
V287M,1230.0
V287N,974.0
V287P,79.0
V287Q,1266.0
V287R,1898.0
V287S,1313.0
V287T,1130.0
V287W,1477.0
V287Y,1957.0
V287_,16.0
V28A,701.0
V28C,1390.0
V28D,1059.0
V28E,1068.0
V28F,1673.0
V28G,933.0
V28H,470.0
V28I,431.0
V28K,782.0
V28L,9.0
V28M,1689.0
V28N,1146.0
V28P,886.0
V28Q,2024.0
V28R,1250.0
V28S,1227.0
V28T,1800.0
V28W,816.0
V28Y,333.0
V28_,30.0
V297A,1502.0
V297C,970.0
V297D,708.0
V297E,820.0
V297F,4145.0
V297G,2233.0
V297H,2467.0
V297I,1857.0
V297K,1010.0
V297L,1862.0
V297M,1011.0
V297N,1804.0
V297P,1037.0
V297Q,2136.0
V297R,1253.0
V297S,1740.0
V297T,1429.0
V297W,2084.0
V297Y,2378.0
V297_,25.0
V301A,31.0
V301C,40.0
V301D,146.0
V301E,23.0
V301F,655.0
V301G,39.0
V301H,2470.0
V301I,1515.0
V301K,20.0
V301L,29.0
V301M,31.0
V301N,29.0
V301P,24.0
V301Q,42.0
V301R,52.0
V301S,48.0
V301T,186.0
V301W,265.0
V301Y,680.0
V301_,49.0
V302A,42.0
V302C,1300.0
V302D,28.0
V302E,17.0
V302F,31.0
V302G,44.0
V302H,44.0
V302I,132.0
V302K,19.0
V302L,277.0
V302M,33.0
V302N,47.0
V302P,58.0
V302Q,39.0
V302R,27.0
V302S,63.0
V302T,180.0
V302W,45.0
V302Y,37.0
V302_,38.0
V353A,2852.0
V353C,1486.0
V353D,805.0
V353E,1290.0
V353F,1882.0
V353G,1364.0
V353H,2977.0
V353I,2098.0
V353K,2194.0
V353L,2369.0
V353M,3341.0
V353N,2482.0
V353P,395.0
V353R,2963.0
V353S,2440.0
V353T,1790.0
V353W,1827.0
V353Y,2908.0
V353_,62.0
V365A,2520.0
V365C,1073.0
V365D,341.0
V365E,217.0
V365F,2675.0
V365G,1403.0
V365H,1349.0
V365I,625.0
V365K,41.0
V365L,999.0
V365M,2685.0
V365N,596.0
V365P,1630.0
V365Q,1880.0
V365R,54.0
V365S,1603.0
V365T,2650.0
V365W,2025.0
V365Y,2395.0
V365_,39.0
V370A,1329.0
V370C,2537.0
V370D,60.0
V370E,453.0
V370F,2279.0
V370G,2161.0
V370H,224.0
V370I,2275.0
V370K,64.0
V370L,3100.0
V370M,1589.0
V370N,1690.0
V370P,287.0
V370Q,1897.0
V370R,24.0
V370S,2845.0
V370T,3361.0
V370W,1661.0
V370Y,1141.0
V370_,34.0
V371A,2670.0
V371C,1225.0
V371D,86.0
V371E,1115.0
V371F,3275.0
V371G,1199.0
V371H,1028.0
V371I,1464.0
V371K,1013.0
V371L,2052.0
V371M,1711.0
V371N,1373.0
V371P,3360.0
V371Q,1609.0
V371R,524.0
V371S,2845.0
V371T,2008.0
V371W,1086.0
V371Y,2239.0
V371_,47.0
V373A,473.0
V373C,3121.0
V373D,55.0
V373E,28.0
V373F,38.0
V373G,220.0
V373H,47.0
V373I,3638.0
V373K,22.0
V373L,1844.0
V373M,1397.0
V373N,39.0
V373P,69.0
V373Q,25.0
V373R,41.0
V373S,931.0
V373T,2366.0
V373W,79.0
V373Y,96.0
V373_,29.0
V44A,1223.0
V44C,1376.0
V44D,15.0
V44E,124.0
V44F,140.0
V44G,904.0
V44H,107.0
V44I,553.0
V44K,12.0
V44L,134.0
V44M,504.0
V44N,12.0
V44P,20.0
V44Q,1351.0
V44R,60.0
V44T,1001.0
V44W,13.0
V44Y,151.0
V44_,15.0
V7A,85.0
V7C,2533.0
V7D,92.0
V7E,698.0
V7F,7.0
V7G,1040.0
V7H,288.0
V7I,1704.0
V7K,84.0
V7L,21.0
V7M,758.0
V7N,504.0
V7P,514.0
V7Q,696.0
V7R,35.0
V7S,5023.0
V7T,661.0
V7W,712.0
V7Y,47.0
V7_,10.0
V80A,966.0
V80C,973.0
V80D,14.0
V80E,162.0
V80F,607.0
V80G,428.0
V80H,37.0
V80I,473.0
V80K,11.0
V80L,524.0
V80M,919.0
V80N,111.0
V80P,39.0
V80Q,274.0
V80R,19.0
V80S,406.0
V80T,1094.0
V80W,352.0
V80Y,30.0
V80_,27.0
V87A,446.0
V87C,670.0
V87D,540.0
V87E,1116.0
V87F,712.0
V87G,617.0
V87H,578.0
V87I,4080.0
V87K,453.0
V87L,921.0
V87M,797.0
V87N,793.0
V87P,456.0
V87Q,925.0
V87R,822.0
V87S,1016.0
V87T,443.0
V87W,457.0
V87Y,1278.0
V87_,35.0
V93A,1226.0
V93C,707.0
V93D,455.0
V93E,742.0
V93F,1041.0
V93G,1416.0
V93H,1569.0
V93I,438.0
V93K,18.0
V93L,558.0
V93M,905.0
V93N,558.0
V93P,375.0
V93Q,646.0
V93R,14.0
V93S,708.0
V93T,974.0
V93W,861.0
V93Y,964.0
V93_,19.0
V99A,761.0
V99C,185.0
V99D,104.0
V99E,347.0
V99F,428.0
V99G,1215.0
V99H,382.0
V99I,895.0
V99K,17.0
V99L,471.0
V99M,1206.0
V99N,187.0
V99P,58.0
V99Q,272.0
V99R,26.0
V99S,622.0
V99T,561.0
V99W,711.0
V99Y,1038.0
V99_,5.0
W201A,1100.0
W201C,951.0
W201D,20.0
W201E,50.0
W201F,1193.0
W201G,231.0
W201H,632.0
W201I,846.0
W201K,1059.0
W201L,525.0
W201M,1029.0
W201N,408.0
W201P,3072.0
W201Q,188.0
W201R,404.0
W201S,2248.0
W201T,1172.0
W201V,879.0
W201Y,836.0
W201_,16.0
W274A,2643.0
W274C,1453.0
W274D,500.0
W274E,109.0
W274F,2736.0
W274G,1225.0
W274H,3267.0
W274I,758.0
W274K,13.0
W274L,3373.0
W274M,1808.0
W274N,1540.0
W274P,31.0
W274Q,210.0
W274R,43.0
W274S,1886.0
W274T,1448.0
W274V,1909.0
W274Y,1746.0
W274_,45.0
W293A,2554.0
W293C,969.0
W293D,1392.0
W293E,5890.0
W293F,1395.0
W293G,1675.0
W293H,2080.0
W293I,1162.0
W293K,2256.0
W293L,787.0
W293M,1449.0
W293N,2176.0
W293P,1646.0
W293Q,1527.0
W293R,1704.0
W293S,1438.0
W293T,2287.0
W293V,1152.0
W293Y,2388.0
W293_,41.0
WT,40815.0
Y131A,225.0
Y131C,749.0
Y131D,35.0
Y131E,262.0
Y131F,613.0
Y131G,86.0
Y131H,735.0
Y131I,862.0
Y131K,471.0
Y131L,1358.0
Y131M,1105.0
Y131N,985.0
Y131P,17.0
Y131Q,735.0
Y131R,957.0
Y131S,188.0
Y131T,574.0
Y131V,1112.0
Y131W,888.0
Y131_,34.0
Y160A,1013.0
Y160C,1473.0
Y160D,734.0
Y160E,1216.0
Y160F,259.0
Y160G,618.0
Y160H,4291.0
Y160I,1617.0
Y160L,1308.0
Y160M,1690.0
Y160N,1331.0
Y160P,281.0
Y160Q,1201.0
Y160R,1318.0
Y160S,2264.0
Y160T,1482.0
Y160V,2480.0
Y160W,1585.0
Y160_,42.0
Y225A,148.0
Y225C,38.0
Y225E,44.0
Y225F,742.0
Y225G,35.0
Y225H,23.0
Y225I,87.0
Y225K,25.0
Y225L,21.0
Y225M,81.0
Y225N,32.0
Y225P,45.0
Y225Q,15.0
Y225R,14.0
Y225S,21.0
Y225T,23.0
Y225V,142.0
Y225W,1105.0
Y225_,10.0
Y228A,67.0
Y228C,13.0
Y228D,13.0
Y228E,27.0
Y228F,620.0
Y228G,69.0
Y228H,113.0
Y228I,539.0
Y228K,66.0
Y228L,88.0
Y228M,776.0
Y228N,61.0
Y228P,29.0
Y228Q,49.0
Y228R,27.0
Y228S,36.0
Y228T,20.0
Y228V,56.0
Y228W,1037.0
Y228_,19.0
Y231A,659.0
Y231C,2169.0
Y231D,1033.0
Y231E,1210.0
Y231F,1082.0
Y231G,1891.0
Y231H,2098.0
Y231I,2232.0
Y231K,1048.0
Y231L,1292.0
Y231M,1915.0
Y231N,1678.0
Y231P,11.0
Y231Q,1898.0
Y231R,1703.0
Y231S,2270.0
Y231T,1367.0
Y231V,1080.0
Y231W,1114.0
Y231_,18.0
Y235A,750.0
Y235C,88.0
Y235D,35.0
Y235E,26.0
Y235F,2485.0
Y235G,122.0
Y235H,236.0
Y235I,40.0
Y235K,15.0
Y235L,413.0
Y235M,959.0
Y235N,190.0
Y235P,50.0
Y235Q,37.0
Y235R,40.0
Y235S,175.0
Y235T,140.0
Y235V,20.0
Y235W,1995.0
Y235_,76.0
Y257A,2136.0
Y257C,2751.0
Y257D,67.0
Y257E,839.0
Y257F,1812.0
Y257G,3776.0
Y257H,2697.0
Y257I,2271.0
Y257K,2616.0
Y257L,2592.0
Y257M,1728.0
Y257N,1784.0
Y257P,428.0
Y257Q,1918.0
Y257R,1932.0
Y257S,1860.0
Y257T,2278.0
Y257V,1861.0
Y257W,1989.0
Y257_,17.0
Y265A,2271.0
Y265C,2442.0
Y265D,1372.0
Y265E,3640.0
Y265F,1592.0
Y265G,1793.0
Y265H,2753.0
Y265I,1349.0
Y265K,1881.0
Y265L,1523.0
Y265M,2473.0
Y265N,2496.0
Y265P,2616.0
Y265Q,2952.0
Y265R,2239.0
Y265S,2587.0
Y265T,2128.0
Y265V,2553.0
Y265W,36.0
Y265_,26.0
Y278A,62.0
Y278C,20.0
Y278D,37.0
Y278E,25.0
Y278F,34.0
Y278G,46.0
Y278H,47.0
Y278I,33.0
Y278K,41.0
Y278L,75.0
Y278M,54.0
Y278N,25.0
Y278P,27.0
Y278Q,127.0
Y278R,47.0
Y278S,48.0
Y278T,27.0
Y278V,23.0
Y278W,538.0
Y278_,51.0
Y292A,1063.0
Y292C,348.0
Y292D,134.0
Y292E,635.0
Y292F,2218.0
Y292G,957.0
Y292H,1716.0
Y292I,55.0
Y292K,1196.0
Y292L,83.0
Y292M,48.0
Y292N,1888.0
Y292P,2890.0
Y292Q,728.0
Y292R,10051.0
Y292S,1016.0
Y292T,536.0
Y292V,159.0
Y292W,971.0
Y292_,64.0
Y29A,1790.0
Y29C,2010.0
Y29D,45.0
Y29E,83.0
Y29F,3003.0
Y29G,32.0
Y29H,1120.0
Y29I,340.0
Y29K,175.0
Y29L,62.0
Y29M,1065.0
Y29N,1189.0
Y29P,97.0
Y29Q,1290.0
Y29R,1225.0
Y29S,632.0
Y29T,1534.0
Y29W,1095.0
Y29_,0.0
Y316A,126.0
Y316C,588.0
Y316D,36.0
Y316E,132.0
Y316F,2710.0
Y316G,42.0
Y316H,551.0
Y316I,512.0
Y316K,74.0
Y316L,941.0
Y316M,1401.0
Y316N,583.0
Y316P,39.0
Y316Q,154.0
Y316R,44.0
Y316S,93.0
Y316T,194.0
Y316V,3197.0
Y316W,880.0
Y316_,71.0
Y360A,777.0
Y360C,1792.0
Y360D,529.0
Y360E,1584.0
Y360F,2213.0
Y360G,779.0
Y360H,746.0
Y360I,3046.0
Y360K,637.0
Y360L,1817.0
Y360M,1093.0
Y360N,159.0
Y360P,48.0
Y360Q,1186.0
Y360R,37.0
Y360S,274.0
Y360T,1071.0
Y360V,2362.0
Y360W,983.0
Y360_,45.0
Y9A,891.0
Y9C,962.0
Y9D,444.0
Y9E,1027.0
Y9F,1797.0
Y9G,992.0
Y9H,1211.0
Y9I,531.0
Y9K,84.0
Y9L,76.0
Y9M,696.0
Y9N,1131.0
Y9P,326.0
Y9Q,1102.0
Y9R,195.0
Y9S,915.0
Y9T,914.0
Y9V,1398.0
Y9W,1491.0
Y9_,67.0
