strain,replicate,pH,norfloxacin_conc_ng/mL,OD600
WT,1,6,0,0.998
WT,1,6,2,0.986
WT,1,6,4,0.979
WT,1,6,8,1.009
WT,1,6,16,1.005
WT,1,6,32,1.015
WT,1,6,64,1.024
WT,1,6,128,0.972
WT,1,6,256,0.892
WT,1,6,512,0.22
WT,1,6,1024,0.05
WT,1,6,2048,0.049
WT,1,7,0,1.018
WT,1,7,2,1.017
WT,1,7,4,1.021
WT,1,7,8,1.001
WT,1,7,16,1.044
WT,1,7,32,1.034
WT,1,7,64,0.97
WT,1,7,128,0.863
WT,1,7,256,0.061
WT,1,7,512,0.048
WT,1,7,1024,0.048
WT,1,7,2048,0.048
WT,2,6,0,1.095
WT,2,6,2,1.107
WT,2,6,4,1.119
WT,2,6,8,1.097
WT,2,6,16,1.123
WT,2,6,32,1.104
WT,2,6,64,1.089
WT,2,6,128,1.065
WT,2,6,256,0.993
WT,2,6,512,0.325
WT,2,6,1024,0.06
WT,2,6,2048,0.062
WT,2,7,0,1.123
WT,2,7,2,1.123
WT,2,7,4,1.108
WT,2,7,8,1.117
WT,2,7,16,1.118
WT,2,7,32,1.118
WT,2,7,64,1.071
WT,2,7,128,0.924
WT,2,7,256,0.088
WT,2,7,512,0.06
WT,2,7,1024,0.058
WT,2,7,2048,0.057
WT,3,6,0,1.066
WT,3,6,2,1.073
WT,3,6,4,1.111
WT,3,6,8,1.058
WT,3,6,16,1.076
WT,3,6,32,1.063
WT,3,6,64,1.085
WT,3,6,128,1.016
WT,3,6,256,0.938
WT,3,6,512,0.219
WT,3,6,1024,0.058
WT,3,6,2048,0.054
WT,3,7,0,1.087
WT,3,7,2,1.085
WT,3,7,4,1.09
WT,3,7,8,1.092
WT,3,7,16,1.089
WT,3,7,32,1.112
WT,3,7,64,1.037
WT,3,7,128,0.932
WT,3,7,256,0.077
WT,3,7,512,0.058
WT,3,7,1024,0.058
WT,3,7,2048,0.057
E222A,1,6,0,1.121
E222A,1,6,2,1.119
E222A,1,6,4,1.133
E222A,1,6,8,1.117
E222A,1,6,16,1.119
E222A,1,6,32,0.19
E222A,1,6,64,0.061
E222A,1,6,128,0.057
E222A,1,6,256,0.05
E222A,1,6,512,0.051
E222A,1,6,1024,0.049
E222A,1,6,2048,0.049
E222A,1,7,0,1.134
E222A,1,7,2,1.137
E222A,1,7,4,1.161
E222A,1,7,8,1.122
E222A,1,7,16,0.969
E222A,1,7,32,0.06
E222A,1,7,64,0.06
E222A,1,7,128,0.055
E222A,1,7,256,0.051
E222A,1,7,512,0.05
E222A,1,7,1024,0.049
E222A,1,7,2048,0.049
E222A,2,6,0,1.038
E222A,2,6,2,1.042
E222A,2,6,4,1.048
E222A,2,6,8,1.069
E222A,2,6,16,1.048
E222A,2,6,32,0.114
E222A,2,6,64,0.05
E222A,2,6,128,0.048
E222A,2,6,256,0.048
E222A,2,6,512,0.048
E222A,2,6,1024,0.048
E222A,2,6,2048,0.048
E222A,2,7,0,1.008
E222A,2,7,2,1.049
E222A,2,7,4,1.028
E222A,2,7,8,1.037
E222A,2,7,16,0.855
E222A,2,7,32,0.047
E222A,2,7,64,0.047
E222A,2,7,128,0.045
E222A,2,7,256,0.045
E222A,2,7,512,0.046
E222A,2,7,1024,0.045
E222A,2,7,2048,0.048
E222A,3,6,0,1.141
E222A,3,6,2,1.167
E222A,3,6,4,1.15
E222A,3,6,8,1.177
E222A,3,6,16,1.123
E222A,3,6,32,0.101
E222A,3,6,64,0.06
E222A,3,6,128,0.058
E222A,3,6,256,0.054
E222A,3,6,512,0.056
E222A,3,6,1024,0.054
E222A,3,6,2048,0.052
E222A,3,7,0,1.146
E222A,3,7,2,1.154
E222A,3,7,4,1.146
E222A,3,7,8,1.152
E222A,3,7,16,0.837
E222A,3,7,32,0.059
E222A,3,7,64,0.057
E222A,3,7,128,0.062
E222A,3,7,256,0.056
E222A,3,7,512,0.055
E222A,3,7,1024,0.054
E222A,3,7,2048,0.059
F188C,1,6,0,0.997
F188C,1,6,2,0.989
F188C,1,6,4,1.006
F188C,1,6,8,1.039
F188C,1,6,16,1.038
F188C,1,6,32,1.014
F188C,1,6,64,1.001
F188C,1,6,128,0.961
F188C,1,6,256,0.896
F188C,1,6,512,0.215
F188C,1,6,1024,0.05
F188C,1,6,2048,0.049
F188C,1,7,0,0.989
F188C,1,7,2,1.012
F188C,1,7,4,1.025
F188C,1,7,8,1.026
F188C,1,7,16,1.029
F188C,1,7,32,1.023
F188C,1,7,64,0.931
F188C,1,7,128,0.867
F188C,1,7,256,0.087
F188C,1,7,512,0.047
F188C,1,7,1024,0.048
F188C,1,7,2048,0.047
F188C,2,6,0,1.103
F188C,2,6,2,1.123
F188C,2,6,4,1.13
F188C,2,6,8,1.132
F188C,2,6,16,1.13
F188C,2,6,32,1.123
F188C,2,6,64,1.124
F188C,2,6,128,1.097
F188C,2,6,256,0.974
F188C,2,6,512,0.403
F188C,2,6,1024,0.062
F188C,2,6,2048,0.057
F188C,2,7,0,1.139
F188C,2,7,2,1.119
F188C,2,7,4,1.137
F188C,2,7,8,1.144
F188C,2,7,16,1.122
F188C,2,7,32,1.135
F188C,2,7,64,1.073
F188C,2,7,128,0.972
F188C,2,7,256,0.122
F188C,2,7,512,0.062
F188C,2,7,1024,0.06
F188C,2,7,2048,0.058
F188C,3,6,0,1.116
F188C,3,6,2,1.098
F188C,3,6,4,1.098
F188C,3,6,8,1.13
F188C,3,6,16,1.094
F188C,3,6,32,1.121
F188C,3,6,64,1.108
F188C,3,6,128,1.057
F188C,3,6,256,0.983
F188C,3,6,512,0.304
F188C,3,6,1024,0.057
F188C,3,6,2048,0.054
F188C,3,7,0,1.101
F188C,3,7,2,1.115
F188C,3,7,4,1.108
F188C,3,7,8,1.115
F188C,3,7,16,1.13
F188C,3,7,32,1.128
F188C,3,7,64,1.072
F188C,3,7,128,0.973
F188C,3,7,256,0.135
F188C,3,7,512,0.058
F188C,3,7,1024,0.057
F188C,3,7,2048,0.056
T336E,1,6,0,1.027
T336E,1,6,2,1.053
T336E,1,6,4,1.037
T336E,1,6,8,1.058
T336E,1,6,16,1.045
T336E,1,6,32,1.056
T336E,1,6,64,1.014
T336E,1,6,128,0.942
T336E,1,6,256,0.733
T336E,1,6,512,0.065
T336E,1,6,1024,0.05
T336E,1,6,2048,0.048
T336E,1,7,0,1.036
T336E,1,7,2,1.052
T336E,1,7,4,1.06
T336E,1,7,8,1.068
T336E,1,7,16,1.079
T336E,1,7,32,1.018
T336E,1,7,64,0.889
T336E,1,7,128,0.15
T336E,1,7,256,0.048
T336E,1,7,512,0.048
T336E,1,7,1024,0.047
T336E,1,7,2048,0.046
T336E,2,6,0,1.143
T336E,2,6,2,1.161
T336E,2,6,4,1.15
T336E,2,6,8,1.139
T336E,2,6,16,1.201
T336E,2,6,32,1.149
T336E,2,6,64,1.168
T336E,2,6,128,1.063
T336E,2,6,256,0.82
T336E,2,6,512,0.069
T336E,2,6,1024,0.055
T336E,2,6,2048,0.054
T336E,2,7,0,1.138
T336E,2,7,2,1.163
T336E,2,7,4,1.169
T336E,2,7,8,1.163
T336E,2,7,16,1.172
T336E,2,7,32,1.115
T336E,2,7,64,1.003
T336E,2,7,128,0.185
T336E,2,7,256,0.057
T336E,2,7,512,0.056
T336E,2,7,1024,0.055
T336E,2,7,2048,0.053
T336E,3,6,0,1.115
T336E,3,6,2,1.181
T336E,3,6,4,1.132
T336E,3,6,8,1.178
T336E,3,6,16,1.134
T336E,3,6,32,1.129
T336E,3,6,64,1.127
T336E,3,6,128,1.012
T336E,3,6,256,0.9
T336E,3,6,512,0.071
T336E,3,6,1024,0.055
T336E,3,6,2048,0.054
T336E,3,7,0,1.13
T336E,3,7,2,1.152
T336E,3,7,4,1.166
T336E,3,7,8,1.18
T336E,3,7,16,1.146
T336E,3,7,32,1.131
T336E,3,7,64,1.027
T336E,3,7,128,0.315
T336E,3,7,256,0.057
T336E,3,7,512,0.056
T336E,3,7,1024,0.055
T336E,3,7,2048,0.053
M150E,1,6,0,0.988
M150E,1,6,2,0.996
M150E,1,6,4,0.999
M150E,1,6,8,1
M150E,1,6,16,1.006
M150E,1,6,32,1.034
M150E,1,6,64,0.998
M150E,1,6,128,0.944
M150E,1,6,256,0.873
M150E,1,6,512,0.086
M150E,1,6,1024,0.05
M150E,1,6,2048,0.048
M150E,1,7,0,0.914
M150E,1,7,2,0.957
M150E,1,7,4,0.913
M150E,1,7,8,0.924
M150E,1,7,16,0.977
M150E,1,7,32,0.959
M150E,1,7,64,0.812
M150E,1,7,128,0.604
M150E,1,7,256,0.048
M150E,1,7,512,0.048
M150E,1,7,1024,0.047
M150E,1,7,2048,0.045
M150E,2,6,0,0.989
M150E,2,6,2,0.971
M150E,2,6,4,0.993
M150E,2,6,8,1.023
M150E,2,6,16,1.01
M150E,2,6,32,0.981
M150E,2,6,64,1.003
M150E,2,6,128,0.955
M150E,2,6,256,0.85
M150E,2,6,512,0.078
M150E,2,6,1024,0.05
M150E,2,6,2048,0.048
M150E,2,7,0,0.956
M150E,2,7,2,0.949
M150E,2,7,4,0.945
M150E,2,7,8,0.977
M150E,2,7,16,0.98
M150E,2,7,32,0.982
M150E,2,7,64,0.83
M150E,2,7,128,0.591
M150E,2,7,256,0.048
M150E,2,7,512,0.048
M150E,2,7,1024,0.047
M150E,2,7,2048,0.046
M150E,3,6,0,1.091
M150E,3,6,2,1.114
M150E,3,6,4,1.097
M150E,3,6,8,1.095
M150E,3,6,16,1.099
M150E,3,6,32,1.108
M150E,3,6,64,1.142
M150E,3,6,128,1.023
M150E,3,6,256,0.936
M150E,3,6,512,0.209
M150E,3,6,1024,0.057
M150E,3,6,2048,0.054
M150E,3,7,0,1.053
M150E,3,7,2,1.064
M150E,3,7,4,1.07
M150E,3,7,8,1.063
M150E,3,7,16,1.075
M150E,3,7,32,1.089
M150E,3,7,64,0.951
M150E,3,7,128,0.815
M150E,3,7,256,0.081
M150E,3,7,512,0.059
M150E,3,7,1024,0.057
M150E,3,7,2048,0.055
P121R,1,6,0,1.1
P121R,1,6,2,1.088
P121R,1,6,4,1.104
P121R,1,6,8,1.073
P121R,1,6,16,1.079
P121R,1,6,32,1.1
P121R,1,6,64,1.101
P121R,1,6,128,1.056
P121R,1,6,256,0.901
P121R,1,6,512,0.142
P121R,1,6,1024,0.06
P121R,1,6,2048,0.056
P121R,1,7,0,1.116
P121R,1,7,2,1.072
P121R,1,7,4,1.132
P121R,1,7,8,1.114
P121R,1,7,16,1.129
P121R,1,7,32,1.13
P121R,1,7,64,0.99
P121R,1,7,128,0.735
P121R,1,7,256,0.068
P121R,1,7,512,0.061
P121R,1,7,1024,0.06
P121R,1,7,2048,0.056
P121R,2,6,0,1.095
P121R,2,6,2,1.081
P121R,2,6,4,1.079
P121R,2,6,8,1.085
P121R,2,6,16,1.093
P121R,2,6,32,1.094
P121R,2,6,64,1.093
P121R,2,6,128,1.035
P121R,2,6,256,0.938
P121R,2,6,512,0.18
P121R,2,6,1024,0.059
P121R,2,6,2048,0.064
P121R,2,7,0,1.119
P121R,2,7,2,1.109
P121R,2,7,4,1.123
P121R,2,7,8,1.087
P121R,2,7,16,1.088
P121R,2,7,32,1.133
P121R,2,7,64,1.031
P121R,2,7,128,0.863
P121R,2,7,256,0.071
P121R,2,7,512,0.06
P121R,2,7,1024,0.057
P121R,2,7,2048,0.054
P121R,3,6,0,1.012
P121R,3,6,2,0.981
P121R,3,6,4,1.028
P121R,3,6,8,1.03
P121R,3,6,16,1.023
P121R,3,6,32,0.996
P121R,3,6,64,1.029
P121R,3,6,128,0.962
P121R,3,6,256,0.882
P121R,3,6,512,0.176
P121R,3,6,1024,0.05
P121R,3,6,2048,0.048
P121R,3,7,0,0.999
P121R,3,7,2,0.998
P121R,3,7,4,1.012
P121R,3,7,8,0.956
P121R,3,7,16,1.018
P121R,3,7,32,1.019
P121R,3,7,64,0.963
P121R,3,7,128,0.902
P121R,3,7,256,0.056
P121R,3,7,512,0.047
P121R,3,7,1024,0.047
P121R,3,7,2048,0.048
I76M,1,6,0,0.966
I76M,1,6,2,1.001
I76M,1,6,4,1.014
I76M,1,6,8,0.994
I76M,1,6,16,1.038
I76M,1,6,32,1.03
I76M,1,6,64,1.016
I76M,1,6,128,0.969
I76M,1,6,256,0.897
I76M,1,6,512,0.074
I76M,1,6,1024,0.05
I76M,1,6,2048,0.048
I76M,1,7,0,0.983
I76M,1,7,2,0.991
I76M,1,7,4,1.011
I76M,1,7,8,1.019
I76M,1,7,16,1.002
I76M,1,7,32,0.957
I76M,1,7,64,0.903
I76M,1,7,128,0.787
I76M,1,7,256,0.046
I76M,1,7,512,0.047
I76M,1,7,1024,0.047
I76M,1,7,2048,0.046
I76M,2,6,0,1.018
I76M,2,6,2,0.98
I76M,2,6,4,1.031
I76M,2,6,8,1.023
I76M,2,6,16,1.007
I76M,2,6,32,1.015
I76M,2,6,64,1.004
I76M,2,6,128,0.934
I76M,2,6,256,0.844
I76M,2,6,512,0.064
I76M,2,6,1024,0.049
I76M,2,6,2048,0.048
I76M,2,7,0,0.939
I76M,2,7,2,0.99
I76M,2,7,4,1.031
I76M,2,7,8,1.019
I76M,2,7,16,1.019
I76M,2,7,32,1.018
I76M,2,7,64,0.909
I76M,2,7,128,0.781
I76M,2,7,256,0.048
I76M,2,7,512,0.047
I76M,2,7,1024,0.047
I76M,2,7,2048,0.046
I76M,3,6,0,1.097
I76M,3,6,2,1.107
I76M,3,6,4,1.111
I76M,3,6,8,1.135
I76M,3,6,16,1.086
I76M,3,6,32,1.087
I76M,3,6,64,1.108
I76M,3,6,128,1.056
I76M,3,6,256,0.961
I76M,3,6,512,0.137
I76M,3,6,1024,0.057
I76M,3,6,2048,0.054
I76M,3,7,0,1.106
I76M,3,7,2,1.113
I76M,3,7,4,1.12
I76M,3,7,8,1.111
I76M,3,7,16,1.119
I76M,3,7,32,1.136
I76M,3,7,64,1.063
I76M,3,7,128,0.951
I76M,3,7,256,0.078
I76M,3,7,512,0.058
I76M,3,7,1024,0.056
I76M,3,7,2048,0.056
H354Q,1,6,0,1.034
H354Q,1,6,2,1.021
H354Q,1,6,4,1.046
H354Q,1,6,8,1.047
H354Q,1,6,16,1.066
H354Q,1,6,32,1.018
H354Q,1,6,64,1.047
H354Q,1,6,128,1.026
H354Q,1,6,256,0.966
H354Q,1,6,512,0.385
H354Q,1,6,1024,0.055
H354Q,1,6,2048,0.053
H354Q,1,7,0,1.018
H354Q,1,7,2,1.042
H354Q,1,7,4,1.05
H354Q,1,7,8,1.05
H354Q,1,7,16,1.033
H354Q,1,7,32,1.042
H354Q,1,7,64,1.039
H354Q,1,7,128,0.972
H354Q,1,7,256,0.224
H354Q,1,7,512,0.056
H354Q,1,7,1024,0.053
H354Q,1,7,2048,0.053
H354Q,2,6,0,1.019
H354Q,2,6,2,1.049
H354Q,2,6,4,1.068
H354Q,2,6,8,1.04
H354Q,2,6,16,1.051
H354Q,2,6,32,1.027
H354Q,2,6,64,1.045
H354Q,2,6,128,1.012
H354Q,2,6,256,0.926
H354Q,2,6,512,0.521
H354Q,2,6,1024,0.057
H354Q,2,6,2048,0.054
H354Q,2,7,0,1.071
H354Q,2,7,2,1.077
H354Q,2,7,4,1.069
H354Q,2,7,8,1.081
H354Q,2,7,16,1.073
H354Q,2,7,32,1.056
H354Q,2,7,64,1.06
H354Q,2,7,128,0.949
H354Q,2,7,256,0.174
H354Q,2,7,512,0.057
H354Q,2,7,1024,0.057
H354Q,2,7,2048,0.056
H354Q,3,6,0,1.096
H354Q,3,6,2,1.139
H354Q,3,6,4,1.126
H354Q,3,6,8,1.111
H354Q,3,6,16,1.099
H354Q,3,6,32,1.107
H354Q,3,6,64,1.133
H354Q,3,6,128,1.032
H354Q,3,6,256,0.96
H354Q,3,6,512,0.508
H354Q,3,6,1024,0.058
H354Q,3,6,2048,0.056
H354Q,3,7,0,1.114
H354Q,3,7,2,1.116
H354Q,3,7,4,1.113
H354Q,3,7,8,1.119
H354Q,3,7,16,1.136
H354Q,3,7,32,1.111
H354Q,3,7,64,1.079
H354Q,3,7,128,0.979
H354Q,3,7,256,0.168
H354Q,3,7,512,0.063
H354Q,3,7,1024,0.059
H354Q,3,7,2048,0.057
A105E,1,6,0,1.062
A105E,1,6,2,1.046
A105E,1,6,4,1.028
A105E,1,6,8,1.075
A105E,1,6,16,1.085
A105E,1,6,32,1.076
A105E,1,6,64,1.078
A105E,1,6,128,1.029
A105E,1,6,256,0.872
A105E,1,6,512,0.286
A105E,1,6,1024,0.056
A105E,1,6,2048,0.052
A105E,1,7,0,1.105
A105E,1,7,2,1.108
A105E,1,7,4,1.113
A105E,1,7,8,1.111
A105E,1,7,16,1.128
A105E,1,7,32,1.125
A105E,1,7,64,1.002
A105E,1,7,128,0.29
A105E,1,7,256,0.055
A105E,1,7,512,0.054
A105E,1,7,1024,0.053
A105E,1,7,2048,0.051
A105E,2,6,0,1.017
A105E,2,6,2,1.07
A105E,2,6,4,1.071
A105E,2,6,8,1.062
A105E,2,6,16,1.075
A105E,2,6,32,1.076
A105E,2,6,64,1.087
A105E,2,6,128,1.039
A105E,2,6,256,0.923
A105E,2,6,512,0.274
A105E,2,6,1024,0.051
A105E,2,6,2048,0.05
A105E,2,7,0,1.105
A105E,2,7,2,1.118
A105E,2,7,4,1.123
A105E,2,7,8,1.11
A105E,2,7,16,1.106
A105E,2,7,32,1.118
A105E,2,7,64,1.025
A105E,2,7,128,0.354
A105E,2,7,256,0.054
A105E,2,7,512,0.055
A105E,2,7,1024,0.052
A105E,2,7,2048,0.053
A105E,3,6,0,1.069
A105E,3,6,2,1.067
A105E,3,6,4,1.06
A105E,3,6,8,1.077
A105E,3,6,16,1.073
A105E,3,6,32,1.074
A105E,3,6,64,1.083
A105E,3,6,128,1.052
A105E,3,6,256,0.934
A105E,3,6,512,0.337
A105E,3,6,1024,0.058
A105E,3,6,2048,0.052
A105E,3,7,0,1.093
A105E,3,7,2,1.105
A105E,3,7,4,1.114
A105E,3,7,8,1.101
A105E,3,7,16,1.102
A105E,3,7,32,1.115
A105E,3,7,64,1.011
A105E,3,7,128,0.398
A105E,3,7,256,0.057
A105E,3,7,512,0.056
A105E,3,7,1024,0.054
A105E,3,7,2048,0.052
F47D,1,6,0,1.042
F47D,1,6,2,1.077
F47D,1,6,4,1.075
F47D,1,6,8,1.08
F47D,1,6,16,1.08
F47D,1,6,32,1.097
F47D,1,6,64,1.093
F47D,1,6,128,1.019
F47D,1,6,256,0.905
F47D,1,6,512,0.278
F47D,1,6,1024,0.058
F47D,1,6,2048,0.052
F47D,1,7,0,1.126
F47D,1,7,2,1.11
F47D,1,7,4,1.102
F47D,1,7,8,1.098
F47D,1,7,16,1.123
F47D,1,7,32,1.113
F47D,1,7,64,0.973
F47D,1,7,128,0.704
F47D,1,7,256,0.064
F47D,1,7,512,0.056
F47D,1,7,1024,0.055
F47D,1,7,2048,0.052
F47D,2,6,0,1.071
F47D,2,6,2,1.103
F47D,2,6,4,1.101
F47D,2,6,8,1.078
F47D,2,6,16,1.073
F47D,2,6,32,1.087
F47D,2,6,64,1.103
F47D,2,6,128,1.014
F47D,2,6,256,0.91
F47D,2,6,512,0.178
F47D,2,6,1024,0.054
F47D,2,6,2048,0.05
F47D,2,7,0,1.109
F47D,2,7,2,1.109
F47D,2,7,4,1.119
F47D,2,7,8,1.113
F47D,2,7,16,1.113
F47D,2,7,32,1.125
F47D,2,7,64,1.03
F47D,2,7,128,0.614
F47D,2,7,256,0.058
F47D,2,7,512,0.056
F47D,2,7,1024,0.054
F47D,2,7,2048,0.051
F47D,3,6,0,1.159
F47D,3,6,2,1.178
F47D,3,6,4,1.09
F47D,3,6,8,1.088
F47D,3,6,16,1.097
F47D,3,6,32,1.086
F47D,3,6,64,1.057
F47D,3,6,128,1.029
F47D,3,6,256,0.931
F47D,3,6,512,0.227
F47D,3,6,1024,0.058
F47D,3,6,2048,0.052
F47D,3,7,0,1.098
F47D,3,7,2,1.117
F47D,3,7,4,1.113
F47D,3,7,8,1.097
F47D,3,7,16,1.13
F47D,3,7,32,1.119
F47D,3,7,64,1.014
F47D,3,7,128,0.677
F47D,3,7,256,0.059
F47D,3,7,512,0.056
F47D,3,7,1024,0.055
F47D,3,7,2048,0.052
S133E,1,6,0,1.097
S133E,1,6,2,1.085
S133E,1,6,4,1.091
S133E,1,6,8,1.1
S133E,1,6,16,1.121
S133E,1,6,32,1.101
S133E,1,6,64,1.101
S133E,1,6,128,1.009
S133E,1,6,256,0.793
S133E,1,6,512,0.082
S133E,1,6,1024,0.055
S133E,1,6,2048,0.051
S133E,1,7,0,1.094
S133E,1,7,2,1.131
S133E,1,7,4,1.11
S133E,1,7,8,1.128
S133E,1,7,16,1.137
S133E,1,7,32,1.075
S133E,1,7,64,1.037
S133E,1,7,128,0.341
S133E,1,7,256,0.056
S133E,1,7,512,0.055
S133E,1,7,1024,0.053
S133E,1,7,2048,0.051
S133E,2,6,0,1.104
S133E,2,6,2,1.115
S133E,2,6,4,1.102
S133E,2,6,8,1.103
S133E,2,6,16,1.108
S133E,2,6,32,1.104
S133E,2,6,64,1.079
S133E,2,6,128,0.987
S133E,2,6,256,0.831
S133E,2,6,512,0.07
S133E,2,6,1024,0.053
S133E,2,6,2048,0.05
S133E,2,7,0,1.113
S133E,2,7,2,1.132
S133E,2,7,4,1.132
S133E,2,7,8,1.142
S133E,2,7,16,1.147
S133E,2,7,32,1.138
S133E,2,7,64,1.019
S133E,2,7,128,0.288
S133E,2,7,256,0.056
S133E,2,7,512,0.055
S133E,2,7,1024,0.053
S133E,2,7,2048,0.051
S133E,3,6,0,1.12
S133E,3,6,2,1.164
S133E,3,6,4,1.144
S133E,3,6,8,1.121
S133E,3,6,16,1.155
S133E,3,6,32,1.125
S133E,3,6,64,1.144
S133E,3,6,128,1.017
S133E,3,6,256,0.801
S133E,3,6,512,0.062
S133E,3,6,1024,0.055
S133E,3,6,2048,0.056
S133E,3,7,0,1.147
S133E,3,7,2,1.136
S133E,3,7,4,1.148
S133E,3,7,8,1.159
S133E,3,7,16,1.126
S133E,3,7,32,1.138
S133E,3,7,64,1.035
S133E,3,7,128,0.358
S133E,3,7,256,0.056
S133E,3,7,512,0.055
S133E,3,7,1024,0.054
S133E,3,7,2048,0.053
F159K,1,6,0,1.103
F159K,1,6,2,1.107
F159K,1,6,4,1.1
F159K,1,6,8,1.106
F159K,1,6,16,1.125
F159K,1,6,32,1.076
F159K,1,6,64,1.125
F159K,1,6,128,1.013
F159K,1,6,256,0.769
F159K,1,6,512,0.055
F159K,1,6,1024,0.05
F159K,1,6,2048,0.049
F159K,1,7,0,1.13
F159K,1,7,2,1.119
F159K,1,7,4,1.12
F159K,1,7,8,1.119
F159K,1,7,16,1.125
F159K,1,7,32,1.109
F159K,1,7,64,1.024
F159K,1,7,128,0.208
F159K,1,7,256,0.056
F159K,1,7,512,0.056
F159K,1,7,1024,0.052
F159K,1,7,2048,0.048
F159K,2,6,0,1.091
F159K,2,6,2,1.105
F159K,2,6,4,1.11
F159K,2,6,8,1.105
F159K,2,6,16,1.105
F159K,2,6,32,1.117
F159K,2,6,64,1.107
F159K,2,6,128,0.996
F159K,2,6,256,0.53
F159K,2,6,512,0.054
F159K,2,6,1024,0.049
F159K,2,6,2048,0.048
F159K,2,7,0,1.123
F159K,2,7,2,1.127
F159K,2,7,4,1.155
F159K,2,7,8,1.116
F159K,2,7,16,1.13
F159K,2,7,32,1.111
F159K,2,7,64,1.028
F159K,2,7,128,0.201
F159K,2,7,256,0.056
F159K,2,7,512,0.054
F159K,2,7,1024,0.051
F159K,2,7,2048,0.049
F159K,3,6,0,1.107
F159K,3,6,2,1.126
F159K,3,6,4,1.117
F159K,3,6,8,1.109
F159K,3,6,16,1.101
F159K,3,6,32,1.114
F159K,3,6,64,1.123
F159K,3,6,128,0.997
F159K,3,6,256,0.745
F159K,3,6,512,0.056
F159K,3,6,1024,0.051
F159K,3,6,2048,0.05
F159K,3,7,0,1.119
F159K,3,7,2,1.135
F159K,3,7,4,1.129
F159K,3,7,8,1.126
F159K,3,7,16,1.132
F159K,3,7,32,1.133
F159K,3,7,64,1.027
F159K,3,7,128,0.245
F159K,3,7,256,0.057
F159K,3,7,512,0.055
F159K,3,7,1024,0.053
F159K,3,7,2048,0.05
H89L,1,6,0,1.084
H89L,1,6,2,1.077
H89L,1,6,4,1.066
H89L,1,6,8,1.08
H89L,1,6,16,1.087
H89L,1,6,32,1.075
H89L,1,6,64,1.112
H89L,1,6,128,1.033
H89L,1,6,256,0.912
H89L,1,6,512,0.233
H89L,1,6,1024,0.056
H89L,1,6,2048,0.05
H89L,1,7,0,1.099
H89L,1,7,2,1.101
H89L,1,7,4,1.106
H89L,1,7,8,1.071
H89L,1,7,16,1.105
H89L,1,7,32,1.116
H89L,1,7,64,1.01
H89L,1,7,128,0.903
H89L,1,7,256,0.081
H89L,1,7,512,0.057
H89L,1,7,1024,0.054
H89L,1,7,2048,0.051
H89L,2,6,0,1.067
H89L,2,6,2,1.082
H89L,2,6,4,1.05
H89L,2,6,8,1.051
H89L,2,6,16,1.055
H89L,2,6,32,1.079
H89L,2,6,64,1.086
H89L,2,6,128,1.042
H89L,2,6,256,0.909
H89L,2,6,512,0.132
H89L,2,6,1024,0.054
H89L,2,6,2048,0.05
H89L,2,7,0,1.093
H89L,2,7,2,1.113
H89L,2,7,4,1.109
H89L,2,7,8,1.081
H89L,2,7,16,1.11
H89L,2,7,32,1.123
H89L,2,7,64,1.031
H89L,2,7,128,0.732
H89L,2,7,256,0.071
H89L,2,7,512,0.057
H89L,2,7,1024,0.057
H89L,2,7,2048,0.052
H89L,3,6,0,1.079
H89L,3,6,2,1.081
H89L,3,6,4,1.058
H89L,3,6,8,1.082
H89L,3,6,16,1.091
H89L,3,6,32,1.097
H89L,3,6,64,1.104
H89L,3,6,128,1.056
H89L,3,6,256,0.869
H89L,3,6,512,0.239
H89L,3,6,1024,0.057
H89L,3,6,2048,0.051
H89L,3,7,0,1.114
H89L,3,7,2,1.109
H89L,3,7,4,1.084
H89L,3,7,8,1.109
H89L,3,7,16,1.112
H89L,3,7,32,1.091
H89L,3,7,64,1.031
H89L,3,7,128,0.898
H89L,3,7,256,0.066
H89L,3,7,512,0.06
H89L,3,7,1024,0.058
H89L,3,7,2048,0.053
N332Q,1,6,0,1.08
N332Q,1,6,2,1.072
N332Q,1,6,4,1.095
N332Q,1,6,8,1.089
N332Q,1,6,16,1.082
N332Q,1,6,32,1.071
N332Q,1,6,64,1.098
N332Q,1,6,128,0.959
N332Q,1,6,256,0.845
N332Q,1,6,512,0.057
N332Q,1,6,1024,0.054
N332Q,1,6,2048,0.051
N332Q,1,7,0,1.11
N332Q,1,7,2,1.087
N332Q,1,7,4,1.101
N332Q,1,7,8,1.095
N332Q,1,7,16,1.097
N332Q,1,7,32,1.096
N332Q,1,7,64,0.997
N332Q,1,7,128,0.595
N332Q,1,7,256,0.057
N332Q,1,7,512,0.056
N332Q,1,7,1024,0.052
N332Q,1,7,2048,0.051
N332Q,2,6,0,1.044
N332Q,2,6,2,1.138
N332Q,2,6,4,1.087
N332Q,2,6,8,1.098
N332Q,2,6,16,1.084
N332Q,2,6,32,1.112
N332Q,2,6,64,1.073
N332Q,2,6,128,0.926
N332Q,2,6,256,0.79
N332Q,2,6,512,0.053
N332Q,2,6,1024,0.05
N332Q,2,6,2048,0.047
N332Q,2,7,0,1.096
N332Q,2,7,2,1.095
N332Q,2,7,4,1.13
N332Q,2,7,8,1.092
N332Q,2,7,16,1.123
N332Q,2,7,32,1.11
N332Q,2,7,64,1.001
N332Q,2,7,128,0.493
N332Q,2,7,256,0.054
N332Q,2,7,512,0.056
N332Q,2,7,1024,0.051
N332Q,2,7,2048,0.049
N332Q,3,6,0,1.086
N332Q,3,6,2,1.08
N332Q,3,6,4,1.096
N332Q,3,6,8,1.073
N332Q,3,6,16,1.09
N332Q,3,6,32,1.108
N332Q,3,6,64,1.081
N332Q,3,6,128,0.976
N332Q,3,6,256,0.866
N332Q,3,6,512,0.06
N332Q,3,6,1024,0.055
N332Q,3,6,2048,0.052
N332Q,3,7,0,1.103
N332Q,3,7,2,1.103
N332Q,3,7,4,1.085
N332Q,3,7,8,1.106
N332Q,3,7,16,1.086
N332Q,3,7,32,1.107
N332Q,3,7,64,1.001
N332Q,3,7,128,0.299
N332Q,3,7,256,0.057
N332Q,3,7,512,0.058
N332Q,3,7,1024,0.057
N332Q,3,7,2048,0.053
I298D,1,6,0,1.082
I298D,1,6,2,1.092
I298D,1,6,4,1.058
I298D,1,6,8,1.079
I298D,1,6,16,1.087
I298D,1,6,32,1.086
I298D,1,6,64,1.069
I298D,1,6,128,1.01
I298D,1,6,256,0.91
I298D,1,6,512,0.152
I298D,1,6,1024,0.057
I298D,1,6,2048,0.053
I298D,1,7,0,1.104
I298D,1,7,2,1.086
I298D,1,7,4,1.104
I298D,1,7,8,1.107
I298D,1,7,16,1.099
I298D,1,7,32,1.114
I298D,1,7,64,1.006
I298D,1,7,128,0.743
I298D,1,7,256,0.058
I298D,1,7,512,0.057
I298D,1,7,1024,0.055
I298D,1,7,2048,0.052
I298D,2,6,0,1.075
I298D,2,6,2,1.148
I298D,2,6,4,1.068
I298D,2,6,8,1.15
I298D,2,6,16,1.073
I298D,2,6,32,1.084
I298D,2,6,64,1.09
I298D,2,6,128,1.086
I298D,2,6,256,0.922
I298D,2,6,512,0.089
I298D,2,6,1024,0.056
I298D,2,6,2048,0.05
I298D,2,7,0,1.099
I298D,2,7,2,1.104
I298D,2,7,4,1.102
I298D,2,7,8,1.092
I298D,2,7,16,1.102
I298D,2,7,32,1.105
I298D,2,7,64,0.995
I298D,2,7,128,0.688
I298D,2,7,256,0.061
I298D,2,7,512,0.059
I298D,2,7,1024,0.056
I298D,2,7,2048,0.052
I298D,3,6,0,1.059
I298D,3,6,2,1.071
I298D,3,6,4,1.058
I298D,3,6,8,1.075
I298D,3,6,16,1.062
I298D,3,6,32,1.084
I298D,3,6,64,1.092
I298D,3,6,128,1.016
I298D,3,6,256,0.917
I298D,3,6,512,0.139
I298D,3,6,1024,0.057
I298D,3,6,2048,0.052
I298D,3,7,0,1.073
I298D,3,7,2,1.081
I298D,3,7,4,1.065
I298D,3,7,8,1.07
I298D,3,7,16,1.065
I298D,3,7,32,1.073
I298D,3,7,64,0.98
I298D,3,7,128,0.736
I298D,3,7,256,0.06
I298D,3,7,512,0.059
I298D,3,7,1024,0.058
I298D,3,7,2048,0.055