strain,OD600,OD600_blank_subtracted,drug,conc,rep
WT,1.016,0.973,acriflavine,0,1
WT,1.009,0.966,acriflavine,0.3125,1
WT,1,0.957,acriflavine,0.625,1
WT,1.025,0.982,acriflavine,1.25,1
WT,0.945,0.902,acriflavine,2.5,1
WT,1.01,0.967,acriflavine,5,1
WT,0.888,0.845,acriflavine,10,1
WT,0.697,0.654,acriflavine,20,1
WT,0.069,0.025,acriflavine,40,1
WT,0.073,0.001,acriflavine,80,1
WT,0.202,0,acriflavine,160,1
WT,0.378,0.061,acriflavine,320,1
WT,1.033,0.989,ethidium,0,1
WT,1.083,1.039,ethidium,0.09375,1
WT,1.057,1.013,ethidium,0.1875,1
WT,1.053,1.009,ethidium,0.375,1
WT,1.051,1.007,ethidium,0.75,1
WT,1.11,1.066,ethidium,1.5,1
WT,1.039,0.995,ethidium,3,1
WT,0.996,0.952,ethidium,6,1
WT,0.325,0.281,ethidium,12,1
WT,0.047,0.001,ethidium,24,1
WT,0.05,0,ethidium,48,1
WT,0.057,0,ethidium,96,1
WT,0.945,0.904,norfloxacin,0,1
WT,1.056,1.015,norfloxacin,0.004,1
WT,1.013,0.971,norfloxacin,0.008,1
WT,1.031,0.989,norfloxacin,0.016,1
WT,0.951,0.91,norfloxacin,0.032,1
WT,1.009,0.964,norfloxacin,0.064,1
WT,1.087,1.047,norfloxacin,0.128,1
WT,0.927,0.886,norfloxacin,0.256,1
WT,0.411,0.37,norfloxacin,0.512,1
WT,0.052,0.01,norfloxacin,1.024,1
WT,0.055,0.013,norfloxacin,2.048,1
WT,0.057,0.016,norfloxacin,4.096,1
WT,1.077,1.036,ofloxacin,0,1
WT,1.073,1.032,ofloxacin,0.0005,1
WT,1.073,1.031,ofloxacin,0.001,1
WT,1.097,1.055,ofloxacin,0.002,1
WT,1.104,1.063,ofloxacin,0.004,1
WT,0.947,0.906,ofloxacin,0.008,1
WT,0.975,0.934,ofloxacin,0.016,1
WT,1.053,1.011,ofloxacin,0.032,1
WT,0.044,0.002,ofloxacin,0.064,1
WT,0.043,0.002,ofloxacin,0.128,1
WT,0.044,0.001,ofloxacin,0.256,1
WT,0.051,0.009,ofloxacin,0.512,1
WT,0.998,0.957,pentamidine,0,1
WT,1.092,1.051,pentamidine,0.48828125,1
WT,1.018,0.976,pentamidine,0.9765625,1
WT,0.931,0.89,pentamidine,1.953125,1
WT,0.978,0.937,pentamidine,3.90625,1
WT,1.089,1.047,pentamidine,7.8125,1
WT,1.114,1.072,pentamidine,15.625,1
WT,0.979,0.938,pentamidine,31.25,1
WT,0.318,0.269,pentamidine,62.5,1
WT,0.064,0.021,pentamidine,125,1
WT,0.171,0.066,pentamidine,250,1
WT,0.175,0.06,pentamidine,500,1
WT,1.026,0.985,pipemidic acid,0,1
WT,1.091,1.05,pipemidic acid,0.1953125,1
WT,1.039,0.997,pipemidic acid,0.390625,1
WT,1.089,1.047,pipemidic acid,0.78125,1
WT,1.072,1.031,pipemidic acid,1.5625,1
WT,1.088,1.045,pipemidic acid,3.125,1
WT,1.04,0.998,pipemidic acid,6.25,1
WT,0.342,0.3,pipemidic acid,12.5,1
WT,0.05,0.007,pipemidic acid,25,1
WT,0.05,0.007,pipemidic acid,50,1
WT,0.055,0.013,pipemidic acid,100,1
WT,0.064,0.023,pipemidic acid,200,1
WT,1.034,0.993,puromycin,0,1
WT,1.06,1.019,puromycin,0.048828125,1
WT,1.048,1.006,puromycin,0.09765625,1
WT,1.025,0.984,puromycin,0.1953125,1
WT,1.045,1.004,puromycin,0.390625,1
WT,1.059,1.017,puromycin,0.78125,1
WT,1.078,1.036,puromycin,1.5625,1
WT,1.006,0.965,puromycin,3.125,1
WT,0.896,0.854,puromycin,6.25,1
WT,0.067,0.024,puromycin,12.5,1
WT,0.064,0.023,puromycin,25,1
WT,0.063,0.021,puromycin,50,1
WT,1.02,0.979,TPP,0,1
WT,1.026,0.985,TPP,0.375,1
WT,1.018,0.976,TPP,0.75,1
WT,1.011,0.97,TPP,1.5,1
WT,0.974,0.933,TPP,3,1
WT,0.927,0.885,TPP,6,1
WT,0.526,0.484,TPP,12,1
WT,0.047,0.006,TPP,24,1
WT,0.047,0.004,TPP,48,1
WT,0.048,0.007,TPP,96,1
WT,0.052,0.009,TPP,192,1
WT,0.061,0.02,TPP,384,1
WT,0.998,0.955,acriflavine,0,2
WT,1.026,0.983,acriflavine,0.3125,2
WT,1.017,0.974,acriflavine,0.625,2
WT,1.027,0.984,acriflavine,1.25,2
WT,1.014,0.971,acriflavine,2.5,2
WT,1.002,0.959,acriflavine,5,2
WT,0.871,0.828,acriflavine,10,2
WT,0.716,0.673,acriflavine,20,2
WT,0.198,0.154,acriflavine,40,2
WT,0.084,0.012,acriflavine,80,2
WT,0.203,0,acriflavine,160,2
WT,0.397,0.08,acriflavine,320,2
WT,0.972,0.928,ethidium,0,2
WT,1.026,0.982,ethidium,0.09375,2
WT,1.091,1.047,ethidium,0.1875,2
WT,0.984,0.94,ethidium,0.375,2
WT,1.019,0.975,ethidium,0.75,2
WT,0.998,0.954,ethidium,1.5,2
WT,1,0.956,ethidium,3,2
WT,1.024,0.98,ethidium,6,2
WT,0.501,0.457,ethidium,12,2
WT,0.046,0,ethidium,24,2
WT,0.051,0.001,ethidium,48,2
WT,0.057,0,ethidium,96,2
WT,1.025,0.984,norfloxacin,0,2
WT,0.981,0.94,norfloxacin,0.004,2
WT,1.078,1.036,norfloxacin,0.008,2
WT,1.081,1.039,norfloxacin,0.016,2
WT,0.991,0.95,norfloxacin,0.032,2
WT,1.058,1.013,norfloxacin,0.064,2
WT,0.992,0.952,norfloxacin,0.128,2
WT,0.998,0.957,norfloxacin,0.256,2
WT,0.574,0.533,norfloxacin,0.512,2
WT,0.046,0.004,norfloxacin,1.024,2
WT,0.048,0.006,norfloxacin,2.048,2
WT,0.049,0.008,norfloxacin,4.096,2
WT,1.027,0.986,ofloxacin,0,2
WT,1.009,0.968,ofloxacin,0.0005,2
WT,0.978,0.936,ofloxacin,0.001,2
WT,0.992,0.95,ofloxacin,0.002,2
WT,1.043,1.002,ofloxacin,0.004,2
WT,1.018,0.977,ofloxacin,0.008,2
WT,1.017,0.976,ofloxacin,0.016,2
WT,0.967,0.925,ofloxacin,0.032,2
WT,0.046,0.004,ofloxacin,0.064,2
WT,0.043,0.002,ofloxacin,0.128,2
WT,0.042,0,ofloxacin,0.256,2
WT,0.045,0.003,ofloxacin,0.512,2
WT,1.055,1.014,pentamidine,0,2
WT,0.991,0.95,pentamidine,0.48828125,2
WT,1.033,0.991,pentamidine,0.9765625,2
WT,1.052,1.011,pentamidine,1.953125,2
WT,1.093,1.052,pentamidine,3.90625,2
WT,0.996,0.954,pentamidine,7.8125,2
WT,1.121,1.079,pentamidine,15.625,2
WT,1.007,0.966,pentamidine,31.25,2
WT,0.44,0.391,pentamidine,62.5,2
WT,0.058,0.015,pentamidine,125,2
WT,0.145,0.04,pentamidine,250,2
WT,0.118,0.003,pentamidine,500,2
WT,0.957,0.916,pipemidic acid,0,2
WT,1.004,0.963,pipemidic acid,0.1953125,2
WT,0.996,0.954,pipemidic acid,0.390625,2
WT,0.995,0.953,pipemidic acid,0.78125,2
WT,1.014,0.973,pipemidic acid,1.5625,2
WT,1.038,0.995,pipemidic acid,3.125,2
WT,0.993,0.951,pipemidic acid,6.25,2
WT,0.571,0.529,pipemidic acid,12.5,2
WT,0.048,0.005,pipemidic acid,25,2
WT,0.048,0.005,pipemidic acid,50,2
WT,0.052,0.01,pipemidic acid,100,2
WT,0.059,0.018,pipemidic acid,200,2
WT,1.047,1.006,puromycin,0,2
WT,1.046,1.005,puromycin,0.048828125,2
WT,1.068,1.026,puromycin,0.09765625,2
WT,1.072,1.031,puromycin,0.1953125,2
WT,1.033,0.992,puromycin,0.390625,2
WT,1.02,0.978,puromycin,0.78125,2
WT,1.063,1.021,puromycin,1.5625,2
WT,0.939,0.898,puromycin,3.125,2
WT,0.92,0.878,puromycin,6.25,2
WT,0.064,0.021,puromycin,12.5,2
WT,0.06,0.019,puromycin,25,2
WT,0.059,0.017,puromycin,50,2
WT,0.994,0.953,TPP,0,2
WT,1.01,0.969,TPP,0.375,2
WT,1.032,0.99,TPP,0.75,2
WT,1.001,0.96,TPP,1.5,2
WT,0.977,0.936,TPP,3,2
WT,0.898,0.856,TPP,6,2
WT,0.679,0.637,TPP,12,2
WT,0.09,0.049,TPP,24,2
WT,0.045,0.002,TPP,48,2
WT,0.045,0.004,TPP,96,2
WT,0.049,0.006,TPP,192,2
WT,0.055,0.014,TPP,384,2
WT,0.973,0.93,acriflavine,0,3
WT,1.001,0.958,acriflavine,0.3125,3
WT,1.002,0.959,acriflavine,0.625,3
WT,1.046,1.003,acriflavine,1.25,3
WT,0.943,0.9,acriflavine,2.5,3
WT,1.053,1.01,acriflavine,5,3
WT,0.828,0.785,acriflavine,10,3
WT,0.68,0.637,acriflavine,20,3
WT,0.104,0.06,acriflavine,40,3
WT,0.107,0.035,acriflavine,80,3
WT,0.292,0.068,acriflavine,160,3
WT,0.297,0,acriflavine,320,3
WT,1.028,0.984,ethidium,0,3
WT,1.008,0.964,ethidium,0.09375,3
WT,1,0.956,ethidium,0.1875,3
WT,1.006,0.962,ethidium,0.375,3
WT,1.004,0.96,ethidium,0.75,3
WT,0.986,0.942,ethidium,1.5,3
WT,0.985,0.941,ethidium,3,3
WT,0.979,0.935,ethidium,6,3
WT,0.22,0.176,ethidium,12,3
WT,0.046,0,ethidium,24,3
WT,0.05,0,ethidium,48,3
WT,0.059,0.001,ethidium,96,3
WT,0.993,0.952,norfloxacin,0,3
WT,1.063,1.022,norfloxacin,0.004,3
WT,1.065,1.023,norfloxacin,0.008,3
WT,1.069,1.027,norfloxacin,0.016,3
WT,1.012,0.971,norfloxacin,0.032,3
WT,1.067,1.022,norfloxacin,0.064,3
WT,1.046,1.006,norfloxacin,0.128,3
WT,0.944,0.903,norfloxacin,0.256,3
WT,0.238,0.197,norfloxacin,0.512,3
WT,0.043,0.001,norfloxacin,1.024,3
WT,0.044,0.002,norfloxacin,2.048,3
WT,0.044,0.003,norfloxacin,4.096,3
WT,1.001,0.96,ofloxacin,0,3
WT,1.04,0.999,ofloxacin,0.0005,3
WT,1.023,0.981,ofloxacin,0.001,3
WT,1.061,1.019,ofloxacin,0.002,3
WT,0.99,0.949,ofloxacin,0.004,3
WT,1.033,0.992,ofloxacin,0.008,3
WT,1.069,1.028,ofloxacin,0.016,3
WT,0.953,0.911,ofloxacin,0.032,3
WT,0.043,0.001,ofloxacin,0.064,3
WT,0.043,0.002,ofloxacin,0.128,3
WT,0.042,0,ofloxacin,0.256,3
WT,0.042,0,ofloxacin,0.512,3
WT,0.986,0.945,pentamidine,0,3
WT,1.027,0.986,pentamidine,0.48828125,3
WT,0.983,0.941,pentamidine,0.9765625,3
WT,0.979,0.938,pentamidine,1.953125,3
WT,1.039,0.998,pentamidine,3.90625,3
WT,1.07,1.028,pentamidine,7.8125,3
WT,1.029,0.987,pentamidine,15.625,3
WT,0.884,0.843,pentamidine,31.25,3
WT,0.212,0.163,pentamidine,62.5,3
WT,0.046,0.003,pentamidine,125,3
WT,0.134,0.029,pentamidine,250,3
WT,0.139,0.024,pentamidine,500,3
WT,0.995,0.954,pipemidic acid,0,3
WT,1.037,0.996,pipemidic acid,0.1953125,3
WT,1.032,0.99,pipemidic acid,0.390625,3
WT,1.034,0.992,pipemidic acid,0.78125,3
WT,1.028,0.987,pipemidic acid,1.5625,3
WT,1.057,1.014,pipemidic acid,3.125,3
WT,0.996,0.954,pipemidic acid,6.25,3
WT,0.202,0.16,pipemidic acid,12.5,3
WT,0.043,0,pipemidic acid,25,3
WT,0.042,0,pipemidic acid,50,3
WT,0.042,0,pipemidic acid,100,3
WT,0.046,0.005,pipemidic acid,200,3
WT,0.993,0.952,puromycin,0,3
WT,1.029,0.988,puromycin,0.048828125,3
WT,1.056,1.014,puromycin,0.09765625,3
WT,1.005,0.964,puromycin,0.1953125,3
WT,1.002,0.961,puromycin,0.390625,3
WT,0.995,0.953,puromycin,0.78125,3
WT,0.986,0.944,puromycin,1.5625,3
WT,0.953,0.912,puromycin,3.125,3
WT,0.837,0.795,puromycin,6.25,3
WT,0.042,0,puromycin,12.5,3
WT,0.041,0,puromycin,25,3
WT,0.042,0,puromycin,50,3
WT,0.996,0.955,TPP,0,3
WT,1.004,0.963,TPP,0.375,3
WT,0.996,0.954,TPP,0.75,3
WT,0.983,0.942,TPP,1.5,3
WT,1.022,0.981,TPP,3,3
WT,0.925,0.883,TPP,6,3
WT,0.526,0.484,TPP,12,3
WT,0.045,0.004,TPP,24,3
WT,0.043,0,TPP,48,3
WT,0.041,0,TPP,96,3
WT,0.042,0,TPP,192,3
WT,0.041,0,TPP,384,3
E222A,1.06,1.017,acriflavine,0,1
E222A,1.024,0.981,acriflavine,0.3125,1
E222A,1.02,0.977,acriflavine,0.625,1
E222A,1.118,1.075,acriflavine,1.25,1
E222A,1.014,0.971,acriflavine,2.5,1
E222A,0.681,0.638,acriflavine,5,1
E222A,0.043,0,acriflavine,10,1
E222A,0.043,0,acriflavine,20,1
E222A,0.049,0.005,acriflavine,40,1
E222A,0.085,0.013,acriflavine,80,1
E222A,0.196,0,acriflavine,160,1
E222A,0.193,0,acriflavine,320,1
E222A,1.047,1.003,ethidium,0,1
E222A,1.005,0.961,ethidium,0.09375,1
E222A,0.987,0.943,ethidium,0.1875,1
E222A,1.003,0.959,ethidium,0.375,1
E222A,1.027,0.983,ethidium,0.75,1
E222A,1.119,1.075,ethidium,1.5,1
E222A,1.112,1.068,ethidium,3,1
E222A,0.42,0.376,ethidium,6,1
E222A,0.045,0.001,ethidium,12,1
E222A,0.046,0,ethidium,24,1
E222A,0.05,0,ethidium,48,1
E222A,0.057,0,ethidium,96,1
E222A,1.053,1.012,norfloxacin,0,1
E222A,1.064,1.023,norfloxacin,0.004,1
E222A,1.033,0.991,norfloxacin,0.008,1
E222A,1.034,0.992,norfloxacin,0.016,1
E222A,1.013,0.972,norfloxacin,0.032,1
E222A,0.042,0,norfloxacin,0.064,1
E222A,0.041,0.001,norfloxacin,0.128,1
E222A,0.042,0.001,norfloxacin,0.256,1
E222A,0.043,0.002,norfloxacin,0.512,1
E222A,0.045,0.003,norfloxacin,1.024,1
E222A,0.046,0.004,norfloxacin,2.048,1
E222A,0.046,0.005,norfloxacin,4.096,1
E222A,1.051,1.01,ofloxacin,0,1
E222A,1.09,1.049,ofloxacin,0.0005,1
E222A,1.083,1.041,ofloxacin,0.001,1
E222A,1.029,0.987,ofloxacin,0.002,1
E222A,1.024,0.983,ofloxacin,0.004,1
E222A,1.163,1.122,ofloxacin,0.008,1
E222A,1.092,1.051,ofloxacin,0.016,1
E222A,0.053,0.011,ofloxacin,0.032,1
E222A,0.048,0.006,ofloxacin,0.064,1
E222A,0.043,0.002,ofloxacin,0.128,1
E222A,0.045,0.002,ofloxacin,0.256,1
E222A,0.043,0.001,ofloxacin,0.512,1
E222A,1.108,1.067,pentamidine,0,1
E222A,1.035,0.994,pentamidine,0.48828125,1
E222A,1.161,1.119,pentamidine,0.9765625,1
E222A,1.023,0.982,pentamidine,1.953125,1
E222A,1.119,1.078,pentamidine,3.90625,1
E222A,0.97,0.928,pentamidine,7.8125,1
E222A,0.953,0.911,pentamidine,15.625,1
E222A,0.643,0.602,pentamidine,31.25,1
E222A,0.048,0,pentamidine,62.5,1
E222A,0.051,0.008,pentamidine,125,1
E222A,0.117,0.012,pentamidine,250,1
E222A,0.12,0.005,pentamidine,500,1
E222A,1.003,0.962,pipemidic acid,0,1
E222A,1.06,1.019,pipemidic acid,0.1953125,1
E222A,1.088,1.046,pipemidic acid,0.390625,1
E222A,1.103,1.061,pipemidic acid,0.78125,1
E222A,0.125,0.084,pipemidic acid,1.5625,1
E222A,0.045,0.002,pipemidic acid,3.125,1
E222A,0.043,0.001,pipemidic acid,6.25,1
E222A,0.043,0.001,pipemidic acid,12.5,1
E222A,0.043,0,pipemidic acid,25,1
E222A,0.044,0.001,pipemidic acid,50,1
E222A,0.045,0.003,pipemidic acid,100,1
E222A,0.051,0.01,pipemidic acid,200,1
E222A,1.104,1.063,puromycin,0,1
E222A,1.086,1.045,puromycin,0.048828125,1
E222A,1.054,1.012,puromycin,0.09765625,1
E222A,1.067,1.026,puromycin,0.1953125,1
E222A,1.053,1.012,puromycin,0.390625,1
E222A,1.015,0.973,puromycin,0.78125,1
E222A,0.962,0.92,puromycin,1.5625,1
E222A,0.924,0.883,puromycin,3.125,1
E222A,0.045,0.003,puromycin,6.25,1
E222A,0.044,0.001,puromycin,12.5,1
E222A,0.043,0.002,puromycin,25,1
E222A,0.042,0,puromycin,50,1
E222A,1.014,0.973,TPP,0,1
E222A,1.079,1.038,TPP,0.375,1
E222A,1.021,0.979,TPP,0.75,1
E222A,1.035,0.994,TPP,1.5,1
E222A,0.71,0.669,TPP,3,1
E222A,0.085,0.043,TPP,6,1
E222A,0.043,0.001,TPP,12,1
E222A,0.042,0.001,TPP,24,1
E222A,0.043,0,TPP,48,1
E222A,0.041,0,TPP,96,1
E222A,0.043,0,TPP,192,1
E222A,0.042,0.001,TPP,384,1
E222A,1.075,1.032,acriflavine,0,2
E222A,1.085,1.042,acriflavine,0.3125,2
E222A,1.025,0.982,acriflavine,0.625,2
E222A,1.035,0.992,acriflavine,1.25,2
E222A,1.091,1.048,acriflavine,2.5,2
E222A,0.715,0.672,acriflavine,5,2
E222A,0.043,0,acriflavine,10,2
E222A,0.043,0,acriflavine,20,2
E222A,0.056,0.012,acriflavine,40,2
E222A,0.085,0.013,acriflavine,80,2
E222A,0.155,0,acriflavine,160,2
E222A,0.265,0,acriflavine,320,2
E222A,1.075,1.031,ethidium,0,2
E222A,0.99,0.946,ethidium,0.09375,2
E222A,1.094,1.05,ethidium,0.1875,2
E222A,1.002,0.958,ethidium,0.375,2
E222A,0.996,0.952,ethidium,0.75,2
E222A,1.031,0.987,ethidium,1.5,2
E222A,0.924,0.88,ethidium,3,2
E222A,0.359,0.315,ethidium,6,2
E222A,0.045,0.001,ethidium,12,2
E222A,0.046,0,ethidium,24,2
E222A,0.05,0,ethidium,48,2
E222A,0.057,0,ethidium,96,2
E222A,1.075,1.034,norfloxacin,0,2
E222A,1.006,0.965,norfloxacin,0.004,2
E222A,1.006,0.964,norfloxacin,0.008,2
E222A,1.134,1.092,norfloxacin,0.016,2
E222A,1.055,1.014,norfloxacin,0.032,2
E222A,0.042,0,norfloxacin,0.064,2
E222A,0.04,0,norfloxacin,0.128,2
E222A,0.042,0.001,norfloxacin,0.256,2
E222A,0.042,0.001,norfloxacin,0.512,2
E222A,0.042,0,norfloxacin,1.024,2
E222A,0.043,0.001,norfloxacin,2.048,2
E222A,0.043,0.002,norfloxacin,4.096,2
E222A,1.007,0.966,ofloxacin,0,2
E222A,1.019,0.978,ofloxacin,0.0005,2
E222A,1.015,0.973,ofloxacin,0.001,2
E222A,0.98,0.938,ofloxacin,0.002,2
E222A,1.145,1.104,ofloxacin,0.004,2
E222A,1.024,0.983,ofloxacin,0.008,2
E222A,0.997,0.956,ofloxacin,0.016,2
E222A,0.074,0.032,ofloxacin,0.032,2
E222A,0.044,0.002,ofloxacin,0.064,2
E222A,0.043,0.002,ofloxacin,0.128,2
E222A,0.043,0,ofloxacin,0.256,2
E222A,0.042,0,ofloxacin,0.512,2
E222A,1.045,1.004,pentamidine,0,2
E222A,1.119,1.078,pentamidine,0.48828125,2
E222A,1.012,0.97,pentamidine,0.9765625,2
E222A,0.95,0.909,pentamidine,1.953125,2
E222A,0.965,0.924,pentamidine,3.90625,2
E222A,0.905,0.863,pentamidine,7.8125,2
E222A,0.904,0.862,pentamidine,15.625,2
E222A,0.638,0.597,pentamidine,31.25,2
E222A,0.051,0.002,pentamidine,62.5,2
E222A,0.046,0.003,pentamidine,125,2
E222A,0.121,0.016,pentamidine,250,2
E222A,0.099,0,pentamidine,500,2
E222A,1.1,1.059,pipemidic acid,0,2
E222A,1.129,1.088,pipemidic acid,0.1953125,2
E222A,1.032,0.99,pipemidic acid,0.390625,2
E222A,1.036,0.994,pipemidic acid,0.78125,2
E222A,0.217,0.176,pipemidic acid,1.5625,2
E222A,0.044,0.001,pipemidic acid,3.125,2
E222A,0.042,0,pipemidic acid,6.25,2
E222A,0.042,0,pipemidic acid,12.5,2
E222A,0.043,0,pipemidic acid,25,2
E222A,0.043,0,pipemidic acid,50,2
E222A,0.043,0.001,pipemidic acid,100,2
E222A,0.046,0.005,pipemidic acid,200,2
E222A,1.003,0.962,puromycin,0,2
E222A,1.035,0.994,puromycin,0.048828125,2
E222A,1.097,1.055,puromycin,0.09765625,2
E222A,1.019,0.978,puromycin,0.1953125,2
E222A,1.011,0.97,puromycin,0.390625,2
E222A,1.033,0.991,puromycin,0.78125,2
E222A,1.019,0.977,puromycin,1.5625,2
E222A,0.858,0.817,puromycin,3.125,2
E222A,0.045,0.003,puromycin,6.25,2
E222A,0.043,0,puromycin,12.5,2
E222A,0.041,0,puromycin,25,2
E222A,0.042,0,puromycin,50,2
E222A,1.098,1.057,TPP,0,2
E222A,1.089,1.048,TPP,0.375,2
E222A,0.988,0.946,TPP,0.75,2
E222A,0.968,0.927,TPP,1.5,2
E222A,0.925,0.884,TPP,3,2
E222A,0.104,0.062,TPP,6,2
E222A,0.043,0.001,TPP,12,2
E222A,0.042,0.001,TPP,24,2
E222A,0.045,0.002,TPP,48,2
E222A,0.042,0.001,TPP,96,2
E222A,0.043,0,TPP,192,2
E222A,0.041,0,TPP,384,2
E222A,1.06,1.017,acriflavine,0,3
E222A,1.067,1.024,acriflavine,0.3125,3
E222A,1.041,0.998,acriflavine,0.625,3
E222A,1.001,0.958,acriflavine,1.25,3
E222A,1.019,0.976,acriflavine,2.5,3
E222A,0.634,0.591,acriflavine,5,3
E222A,0.043,0,acriflavine,10,3
E222A,0.043,0,acriflavine,20,3
E222A,0.044,0,acriflavine,40,3
E222A,0.072,0,acriflavine,80,3
E222A,0.224,0,acriflavine,160,3
E222A,0.317,0,acriflavine,320,3
E222A,1.064,1.02,ethidium,0,3
E222A,1.052,1.008,ethidium,0.09375,3
E222A,1.029,0.985,ethidium,0.1875,3
E222A,1.023,0.979,ethidium,0.375,3
E222A,1.029,0.985,ethidium,0.75,3
E222A,1.075,1.031,ethidium,1.5,3
E222A,1.059,1.015,ethidium,3,3
E222A,0.275,0.231,ethidium,6,3
E222A,0.044,0,ethidium,12,3
E222A,0.046,0,ethidium,24,3
E222A,0.05,0,ethidium,48,3
E222A,0.058,0,ethidium,96,3
E222A,1.061,1.02,norfloxacin,0,3
E222A,1.06,1.019,norfloxacin,0.004,3
E222A,1.11,1.068,norfloxacin,0.008,3
E222A,1.053,1.011,norfloxacin,0.016,3
E222A,1.039,0.998,norfloxacin,0.032,3
E222A,0.045,0,norfloxacin,0.064,3
E222A,0.04,0,norfloxacin,0.128,3
E222A,0.041,0,norfloxacin,0.256,3
E222A,0.041,0,norfloxacin,0.512,3
E222A,0.042,0,norfloxacin,1.024,3
E222A,0.042,0,norfloxacin,2.048,3
E222A,0.041,0,norfloxacin,4.096,3
E222A,1.036,0.995,ofloxacin,0,3
E222A,1.096,1.055,ofloxacin,0.0005,3
E222A,1.071,1.029,ofloxacin,0.001,3
E222A,1.051,1.009,ofloxacin,0.002,3
E222A,1.087,1.046,ofloxacin,0.004,3
E222A,1.084,1.043,ofloxacin,0.008,3
E222A,1.073,1.032,ofloxacin,0.016,3
E222A,0.047,0.005,ofloxacin,0.032,3
E222A,0.043,0.001,ofloxacin,0.064,3
E222A,0.043,0.002,ofloxacin,0.128,3
E222A,0.043,0,ofloxacin,0.256,3
E222A,0.042,0,ofloxacin,0.512,3
E222A,1.056,1.015,pentamidine,0,3
E222A,1.101,1.06,pentamidine,0.48828125,3
E222A,1.064,1.022,pentamidine,0.9765625,3
E222A,1.122,1.081,pentamidine,1.953125,3
E222A,0.999,0.958,pentamidine,3.90625,3
E222A,0.954,0.912,pentamidine,7.8125,3
E222A,0.928,0.886,pentamidine,15.625,3
E222A,0.621,0.58,pentamidine,31.25,3
E222A,0.049,0,pentamidine,62.5,3
E222A,0.043,0,pentamidine,125,3
E222A,0.105,0,pentamidine,250,3
E222A,0.115,0,pentamidine,500,3
E222A,1.031,0.99,pipemidic acid,0,3
E222A,1.069,1.028,pipemidic acid,0.1953125,3
E222A,1.071,1.029,pipemidic acid,0.390625,3
E222A,1.061,1.019,pipemidic acid,0.78125,3
E222A,0.045,0.004,pipemidic acid,1.5625,3
E222A,0.043,0,pipemidic acid,3.125,3
E222A,0.042,0,pipemidic acid,6.25,3
E222A,0.042,0,pipemidic acid,12.5,3
E222A,0.043,0,pipemidic acid,25,3
E222A,0.043,0,pipemidic acid,50,3
E222A,0.042,0,pipemidic acid,100,3
E222A,0.041,0,pipemidic acid,200,3
E222A,1.063,1.022,puromycin,0,3
E222A,1.046,1.005,puromycin,0.048828125,3
E222A,1.05,1.008,puromycin,0.09765625,3
E222A,1.026,0.985,puromycin,0.1953125,3
E222A,1.031,0.99,puromycin,0.390625,3
E222A,1.012,0.97,puromycin,0.78125,3
E222A,1.002,0.96,puromycin,1.5625,3
E222A,0.83,0.789,puromycin,3.125,3
E222A,0.042,0,puromycin,6.25,3
E222A,0.043,0,puromycin,12.5,3
E222A,0.041,0,puromycin,25,3
E222A,0.042,0,puromycin,50,3
E222A,1.039,0.998,TPP,0,3
E222A,1.009,0.968,TPP,0.375,3
E222A,1.01,0.968,TPP,0.75,3
E222A,0.981,0.94,TPP,1.5,3
E222A,0.883,0.842,TPP,3,3
E222A,0.085,0.043,TPP,6,3
E222A,0.043,0.001,TPP,12,3
E222A,0.042,0.001,TPP,24,3
E222A,0.043,0,TPP,48,3
E222A,0.041,0,TPP,96,3
E222A,0.043,0,TPP,192,3
E222A,0.041,0,TPP,384,3